"year","state","state_po","state_fips","state_cen","state_ic","office","candidate","party_detailed","writein","candidatevotes","totalvotes","version","notes","party_simplified"
1976,"ALABAMA","AL",1,63,41,"US PRESIDENT","CARTER, JIMMY","DEMOCRAT",FALSE,659170,1182850,20210113,NA,"DEMOCRAT"
1976,"ALABAMA","AL",1,63,41,"US PRESIDENT","FORD, GERALD","REPUBLICAN",FALSE,504070,1182850,20210113,NA,"REPUBLICAN"
1976,"ALABAMA","AL",1,63,41,"US PRESIDENT","MADDOX, LESTER","AMERICAN INDEPENDENT PARTY",FALSE,9198,1182850,20210113,NA,"OTHER"
1976,"ALABAMA","AL",1,63,41,"US PRESIDENT","BUBAR, BENJAMIN """"BEN""""","PROHIBITION",FALSE,6669,1182850,20210113,NA,"OTHER"
1976,"ALABAMA","AL",1,63,41,"US PRESIDENT","HALL, GUS","COMMUNIST PARTY USE",FALSE,1954,1182850,20210113,NA,"OTHER"
1976,"ALABAMA","AL",1,63,41,"US PRESIDENT","MACBRIDE, ROGER","LIBERTARIAN",FALSE,1481,1182850,20210113,NA,"LIBERTARIAN"
1976,"ALABAMA","AL",1,63,41,"US PRESIDENT","","",TRUE,308,1182850,20210113,NA,"OTHER"
1976,"ALASKA","AK",2,94,81,"US PRESIDENT","FORD, GERALD","REPUBLICAN",FALSE,71555,123574,20210113,NA,"REPUBLICAN"
1976,"ALASKA","AK",2,94,81,"US PRESIDENT","CARTER, JIMMY","DEMOCRAT",FALSE,44058,123574,20210113,NA,"DEMOCRAT"
1976,"ALASKA","AK",2,94,81,"US PRESIDENT","MACBRIDE, ROGER","LIBERTARIAN",FALSE,6785,123574,20210113,NA,"LIBERTARIAN"
1976,"ALASKA","AK",2,94,81,"US PRESIDENT","","",TRUE,1176,123574,20210113,NA,"OTHER"
1976,"ARIZONA","AZ",4,86,61,"US PRESIDENT","FORD, GERALD","REPUBLICAN",FALSE,418642,742719,20210113,NA,"REPUBLICAN"
1976,"ARIZONA","AZ",4,86,61,"US PRESIDENT","CARTER, JIMMY","DEMOCRAT",FALSE,295602,742719,20210113,NA,"DEMOCRAT"
1976,"ARIZONA","AZ",4,86,61,"US PRESIDENT","MCCARTHY, EUGENE """"GENE""""","INDEPENDENT",FALSE,19229,742719,20210113,NA,"OTHER"
1976,"ARIZONA","AZ",4,86,61,"US PRESIDENT","MACBRIDE, ROGER","LIBERTARIAN",FALSE,7647,742719,20210113,NA,"LIBERTARIAN"
1976,"ARIZONA","AZ",4,86,61,"US PRESIDENT","CAMEJO, PETER","SOCIALIST WORKERS",FALSE,928,742719,20210113,NA,"OTHER"
1976,"ARIZONA","AZ",4,86,61,"US PRESIDENT","ANDERSON, THOMAS J.","AMERICAN",FALSE,564,742719,20210113,NA,"OTHER"
1976,"ARIZONA","AZ",4,86,61,"US PRESIDENT","MADDOX, LESTER","AMERICAN INDEPENDENT PARTY",FALSE,85,742719,20210113,NA,"OTHER"
1976,"ARIZONA","AZ",4,86,61,"US PRESIDENT","","",TRUE,22,742719,20210113,NA,"OTHER"
1976,"ARKANSAS","AR",5,71,42,"US PRESIDENT","CARTER, JIMMY","DEMOCRAT",FALSE,498604,767535,20210113,NA,"DEMOCRAT"
1976,"ARKANSAS","AR",5,71,42,"US PRESIDENT","FORD, GERALD","REPUBLICAN",FALSE,267903,767535,20210113,NA,"REPUBLICAN"
1976,"ARKANSAS","AR",5,71,42,"US PRESIDENT","","INDEPENDENT",FALSE,639,767535,20210113,NA,"OTHER"
1976,"ARKANSAS","AR",5,71,42,"US PRESIDENT","MADDOX, LESTER","AMERICAN INDEPENDENT PARTY",FALSE,389,767535,20210113,NA,"OTHER"
1976,"CALIFORNIA","CA",6,93,71,"US PRESIDENT","FORD, GERALD","REPUBLICAN",FALSE,3882244,7803770,20210113,NA,"REPUBLICAN"
1976,"CALIFORNIA","CA",6,93,71,"US PRESIDENT","CARTER, JIMMY","DEMOCRAT",FALSE,3742284,7803770,20210113,NA,"DEMOCRAT"
1976,"CALIFORNIA","CA",6,93,71,"US PRESIDENT","MACBRIDE, ROGER","INDEPENDENT",FALSE,56388,7803770,20210113,NA,"OTHER"
1976,"CALIFORNIA","CA",6,93,71,"US PRESIDENT","MADDOX, LESTER","AMERICAN INDEPENDENT PARTY",FALSE,51098,7803770,20210113,NA,"OTHER"
1976,"CALIFORNIA","CA",6,93,71,"US PRESIDENT","WRIGHT, MARGARET","PEACE & FREEDOM",FALSE,41731,7803770,20210113,NA,"OTHER"
1976,"CALIFORNIA","CA",6,93,71,"US PRESIDENT","CAMEJO, PETER","INDEPENDENT",FALSE,17259,7803770,20210113,NA,"OTHER"
1976,"CALIFORNIA","CA",6,93,71,"US PRESIDENT","HALL, GUS","INDEPENDENT",FALSE,12766,7803770,20210113,NA,"OTHER"
1976,"COLORADO","CO",8,84,62,"US PRESIDENT","FORD, GERALD","REPUBLICAN",FALSE,584278,1081440,20210113,NA,"REPUBLICAN"
1976,"COLORADO","CO",8,84,62,"US PRESIDENT","CARTER, JIMMY","DEMOCRAT",FALSE,460801,1081440,20210113,NA,"DEMOCRAT"
1976,"COLORADO","CO",8,84,62,"US PRESIDENT","MCCARTHY, EUGENE """"GENE""""","INDEPENDENT",FALSE,26047,1081440,20210113,NA,"OTHER"
1976,"COLORADO","CO",8,84,62,"US PRESIDENT","MACBRIDE, ROGER","LIBERTARIAN",FALSE,5338,1081440,20210113,NA,"LIBERTARIAN"
1976,"COLORADO","CO",8,84,62,"US PRESIDENT","BUBAR, BENJAMIN """"BEN""""","PROHIBITION",FALSE,2886,1081440,20210113,NA,"OTHER"
1976,"COLORADO","CO",8,84,62,"US PRESIDENT","CAMEJO, PETER","SOCIALIST WORKERS",FALSE,1122,1081440,20210113,NA,"OTHER"
1976,"COLORADO","CO",8,84,62,"US PRESIDENT","LAROUCHE, LYNDON, JR.","U.S. LABOR",FALSE,565,1081440,20210113,NA,"OTHER"
1976,"COLORADO","CO",8,84,62,"US PRESIDENT","HALL, GUS","COMMUNIST PARTY USE",FALSE,403,1081440,20210113,NA,"OTHER"
1976,"CONNECTICUT","CT",9,16,1,"US PRESIDENT","FORD, GERALD","REPUBLICAN",FALSE,719261,1386355,20210113,NA,"REPUBLICAN"
1976,"CONNECTICUT","CT",9,16,1,"US PRESIDENT","CARTER, JIMMY","DEMOCRAT",FALSE,647895,1386355,20210113,NA,"DEMOCRAT"
1976,"CONNECTICUT","CT",9,16,1,"US PRESIDENT","SCATTERING","",FALSE,10309,1386355,20210113,NA,"OTHER"
1976,"CONNECTICUT","CT",9,16,1,"US PRESIDENT","MADDOX, LESTER","AMERICAN INDEPENDENT PARTY",FALSE,7101,1386355,20210113,NA,"OTHER"
1976,"CONNECTICUT","CT",9,16,1,"US PRESIDENT","LAROUCHE, LYNDON, JR.","U.S. LABOR",FALSE,1789,1386355,20210113,NA,"OTHER"
1976,"DELAWARE","DE",10,51,11,"US PRESIDENT","CARTER, JIMMY","DEMOCRAT",FALSE,122461,235642,20210113,NA,"DEMOCRAT"
1976,"DELAWARE","DE",10,51,11,"US PRESIDENT","FORD, GERALD","REPUBLICAN",FALSE,109780,235642,20210113,NA,"REPUBLICAN"
1976,"DELAWARE","DE",10,51,11,"US PRESIDENT","","NO PARTY AFFILIATION",FALSE,2432,235642,20210113,NA,"OTHER"
1976,"DELAWARE","DE",10,51,11,"US PRESIDENT","ANDERSON, THOMAS J.","AMERICAN",FALSE,645,235642,20210113,NA,"OTHER"
1976,"DELAWARE","DE",10,51,11,"US PRESIDENT","LAROUCHE, LYNDON, JR.","U.S. LABOR",FALSE,135,235642,20210113,NA,"OTHER"
1976,"DELAWARE","DE",10,51,11,"US PRESIDENT","BUBAR, BENJAMIN """"BEN""""","PROHIBITION",FALSE,103,235642,20210113,NA,"OTHER"
1976,"DELAWARE","DE",10,51,11,"US PRESIDENT","","SOCIALIST LABOR",FALSE,86,235642,20210113,NA,"OTHER"
1976,"DISTRICT OF COLUMBIA","DC",11,53,55,"US PRESIDENT","CARTER, JIMMY","DEMOCRAT",FALSE,137818,168830,20210113,NA,"DEMOCRAT"
1976,"DISTRICT OF COLUMBIA","DC",11,53,55,"US PRESIDENT","FORD, GERALD","REPUBLICAN",FALSE,27873,168830,20210113,NA,"REPUBLICAN"
1976,"DISTRICT OF COLUMBIA","DC",11,53,55,"US PRESIDENT","OTHER","",FALSE,1656,168830,20210113,NA,"OTHER"
1976,"DISTRICT OF COLUMBIA","DC",11,53,55,"US PRESIDENT","","INDEPENDENT",FALSE,1195,168830,20210113,NA,"OTHER"
1976,"DISTRICT OF COLUMBIA","DC",11,53,55,"US PRESIDENT","","",TRUE,288,168830,20210113,NA,"OTHER"
1976,"FLORIDA","FL",12,59,43,"US PRESIDENT","CARTER, JIMMY","DEMOCRAT",FALSE,1636000,3150631,20210113,NA,"DEMOCRAT"
1976,"FLORIDA","FL",12,59,43,"US PRESIDENT","FORD, GERALD","REPUBLICAN",FALSE,1469531,3150631,20210113,NA,"REPUBLICAN"
1976,"FLORIDA","FL",12,59,43,"US PRESIDENT","MCCARTHY, EUGENE """"GENE""""","INDEPENDENT",FALSE,23643,3150631,20210113,NA,"OTHER"
1976,"FLORIDA","FL",12,59,43,"US PRESIDENT","ANDERSON, THOMAS J.","AMERICAN",FALSE,21325,3150631,20210113,NA,"OTHER"
1976,"FLORIDA","FL",12,59,43,"US PRESIDENT","","",TRUE,132,3150631,20210113,NA,"OTHER"
1976,"GEORGIA","GA",13,58,44,"US PRESIDENT","CARTER, JIMMY","DEMOCRAT",FALSE,979409,1463152,20210113,NA,"DEMOCRAT"
1976,"GEORGIA","GA",13,58,44,"US PRESIDENT","FORD, GERALD","REPUBLICAN",FALSE,483743,1463152,20210113,NA,"REPUBLICAN"
1976,"HAWAII","HI",15,95,82,"US PRESIDENT","CARTER, JIMMY","DEMOCRAT",FALSE,147375,291301,20210113,NA,"DEMOCRAT"
1976,"HAWAII","HI",15,95,82,"US PRESIDENT","FORD, GERALD","REPUBLICAN",FALSE,140003,291301,20210113,NA,"REPUBLICAN"
1976,"HAWAII","HI",15,95,82,"US PRESIDENT","MACBRIDE, ROGER","LIBERTARIAN",FALSE,3923,291301,20210113,NA,"LIBERTARIAN"
1976,"IDAHO","ID",16,82,63,"US PRESIDENT","FORD, GERALD","REPUBLICAN",FALSE,204151,340932,20210113,NA,"REPUBLICAN"
1976,"IDAHO","ID",16,82,63,"US PRESIDENT","CARTER, JIMMY","DEMOCRAT",FALSE,126549,340932,20210113,NA,"DEMOCRAT"
1976,"IDAHO","ID",16,82,63,"US PRESIDENT","MADDOX, LESTER","AMERICAN",FALSE,5935,340932,20210113,NA,"OTHER"
1976,"IDAHO","ID",16,82,63,"US PRESIDENT","MACBRIDE, ROGER","LIBERTARIAN",FALSE,3558,340932,20210113,NA,"LIBERTARIAN"
1976,"IDAHO","ID",16,82,63,"US PRESIDENT","LAROUCHE, LYNDON, JR.","U.S. LABOR",FALSE,739,340932,20210113,NA,"OTHER"
1976,"ILLINOIS","IL",17,33,21,"US PRESIDENT","FORD, GERALD","REPUBLICAN",FALSE,2364269,4721282,20210113,NA,"REPUBLICAN"
1976,"ILLINOIS","IL",17,33,21,"US PRESIDENT","CARTER, JIMMY","DEMOCRAT",FALSE,2271295,4721282,20210113,NA,"DEMOCRAT"
1976,"ILLINOIS","IL",17,33,21,"US PRESIDENT","MCCARTHY, EUGENE """"GENE""""","INDEPENDENT",FALSE,55939,4721282,20210113,NA,"OTHER"
1976,"ILLINOIS","IL",17,33,21,"US PRESIDENT","HALL, GUS","COMMUNIST PARTY USE",FALSE,9250,4721282,20210113,NA,"OTHER"
1976,"ILLINOIS","IL",17,33,21,"US PRESIDENT","MACBRIDE, ROGER","LIBERTARIAN",FALSE,8057,4721282,20210113,NA,"LIBERTARIAN"
1976,"ILLINOIS","IL",17,33,21,"US PRESIDENT","","",TRUE,4417,4721282,20210113,NA,"OTHER"
1976,"ILLINOIS","IL",17,33,21,"US PRESIDENT","CAMEJO, PETER","SOCIALIST WORKERS",FALSE,3615,4721282,20210113,NA,"OTHER"
1976,"ILLINOIS","IL",17,33,21,"US PRESIDENT","JULIUS """"JULES"""", LEVIN","SOCIALIST LABOR",FALSE,2422,4721282,20210113,NA,"OTHER"
1976,"ILLINOIS","IL",17,33,21,"US PRESIDENT","LAROUCHE, LYNDON, JR.","U.S. LABOR",FALSE,2018,4721282,20210113,NA,"OTHER"
1976,"INDIANA","IN",18,32,22,"US PRESIDENT","FORD, GERALD","REPUBLICAN",FALSE,1183958,2220362,20210113,NA,"REPUBLICAN"
1976,"INDIANA","IN",18,32,22,"US PRESIDENT","CARTER, JIMMY","DEMOCRAT",FALSE,1014714,2220362,20210113,NA,"DEMOCRAT"
1976,"INDIANA","IN",18,32,22,"US PRESIDENT","ANDERSON, THOMAS J.","AMERICAN",FALSE,14048,2220362,20210113,NA,"OTHER"
1976,"INDIANA","IN",18,32,22,"US PRESIDENT","CAMEJO, PETER","SOCIALIST WORKERS",FALSE,5695,2220362,20210113,NA,"OTHER"
1976,"INDIANA","IN",18,32,22,"US PRESIDENT","LAROUCHE, LYNDON, JR.","U.S. LABOR",FALSE,1947,2220362,20210113,NA,"OTHER"
1976,"IOWA","IA",19,42,31,"US PRESIDENT","FORD, GERALD","REPUBLICAN",FALSE,632864,1279303,20210113,NA,"REPUBLICAN"
1976,"IOWA","IA",19,42,31,"US PRESIDENT","CARTER, JIMMY","DEMOCRAT",FALSE,619931,1279303,20210113,NA,"DEMOCRAT"
1976,"IOWA","IA",19,42,31,"US PRESIDENT","MCCARTHY, EUGENE """"GENE""""","INDEPENDENT",FALSE,20057,1279303,20210113,NA,"OTHER"
1976,"IOWA","IA",19,42,31,"US PRESIDENT","ANDERSON, THOMAS J.","AMERICAN PARTY OF IOWA",FALSE,3041,1279303,20210113,NA,"OTHER"
1976,"IOWA","IA",19,42,31,"US PRESIDENT","MACBRIDE, ROGER","LIBERTARIAN",FALSE,1454,1279303,20210113,NA,"LIBERTARIAN"
1976,"IOWA","IA",19,42,31,"US PRESIDENT","HALL, GUS","COMMUNIST PARTY USE",FALSE,551,1279303,20210113,NA,"OTHER"
1976,"IOWA","IA",19,42,31,"US PRESIDENT","SCATTERING","",FALSE,509,1279303,20210113,NA,"OTHER"
1976,"IOWA","IA",19,42,31,"US PRESIDENT","CAMEJO, PETER","SOCIALIST WORKERS",FALSE,262,1279303,20210113,NA,"OTHER"
1976,"IOWA","IA",19,42,31,"US PRESIDENT","LAROUCHE, LYNDON, JR.","U.S. LABOR",FALSE,241,1279303,20210113,NA,"OTHER"
1976,"IOWA","IA",19,42,31,"US PRESIDENT","ZEIDLER, FRANK","SOCIALIST U.S.A.",FALSE,233,1279303,20210113,NA,"OTHER"
1976,"IOWA","IA",19,42,31,"US PRESIDENT","JULIUS """"JULES"""", LEVIN","SOCIALIST LABOR",FALSE,160,1279303,20210113,NA,"OTHER"
1976,"KANSAS","KS",20,47,32,"US PRESIDENT","FORD, GERALD","REPUBLICAN",FALSE,502752,957845,20210113,NA,"REPUBLICAN"
1976,"KANSAS","KS",20,47,32,"US PRESIDENT","CARTER, JIMMY","DEMOCRAT",FALSE,430421,957845,20210113,NA,"DEMOCRAT"
1976,"KANSAS","KS",20,47,32,"US PRESIDENT","MCCARTHY, EUGENE """"GENE""""","INDEPENDENT",FALSE,13185,957845,20210113,NA,"OTHER"
1976,"KANSAS","KS",20,47,32,"US PRESIDENT","ANDERSON, THOMAS J.","AMERICAN",FALSE,4724,957845,20210113,NA,"OTHER"
1976,"KANSAS","KS",20,47,32,"US PRESIDENT","MACBRIDE, ROGER","INDEPENDENT",FALSE,3242,957845,20210113,NA,"OTHER"
1976,"KANSAS","KS",20,47,32,"US PRESIDENT","MADDOX, LESTER","CONSERVATIVE",FALSE,2118,957845,20210113,NA,"OTHER"
1976,"KANSAS","KS",20,47,32,"US PRESIDENT","BUBAR, BENJAMIN """"BEN""""","PROHIBITION",FALSE,1403,957845,20210113,NA,"OTHER"
1976,"KENTUCKY","KY",21,61,51,"US PRESIDENT","CARTER, JIMMY","DEMOCRAT",FALSE,615717,1167142,20210113,NA,"DEMOCRAT"
1976,"KENTUCKY","KY",21,61,51,"US PRESIDENT","FORD, GERALD","REPUBLICAN",FALSE,531852,1167142,20210113,NA,"REPUBLICAN"
1976,"KENTUCKY","KY",21,61,51,"US PRESIDENT","ANDERSON, THOMAS J.","AMERICAN",FALSE,8308,1167142,20210113,NA,"OTHER"
1976,"KENTUCKY","KY",21,61,51,"US PRESIDENT","MCCARTHY, EUGENE """"GENE""""","INDEPENDENT",FALSE,6837,1167142,20210113,NA,"OTHER"
1976,"KENTUCKY","KY",21,61,51,"US PRESIDENT","MADDOX, LESTER","AMERICAN INDEPENDENT PARTY",FALSE,2328,1167142,20210113,NA,"OTHER"
1976,"KENTUCKY","KY",21,61,51,"US PRESIDENT","MACBRIDE, ROGER","LIBERTARIAN",FALSE,814,1167142,20210113,NA,"LIBERTARIAN"
1976,"KENTUCKY","KY",21,61,51,"US PRESIDENT","LAROUCHE, LYNDON, JR.","U.S. LABOR",FALSE,510,1167142,20210113,NA,"OTHER"
1976,"KENTUCKY","KY",21,61,51,"US PRESIDENT","HALL, GUS","COMMUNIST PARTY USE",FALSE,426,1167142,20210113,NA,"OTHER"
1976,"KENTUCKY","KY",21,61,51,"US PRESIDENT","CAMEJO, PETER","SOCIALIST WORKERS",FALSE,350,1167142,20210113,NA,"OTHER"
1976,"LOUISIANA","LA",22,72,45,"US PRESIDENT","CARTER, JIMMY","DEMOCRAT",FALSE,661365,1277383,20210113,NA,"DEMOCRAT"
1976,"LOUISIANA","LA",22,72,45,"US PRESIDENT","FORD, GERALD","REPUBLICAN",FALSE,587446,1277383,20210113,NA,"REPUBLICAN"
1976,"LOUISIANA","LA",22,72,45,"US PRESIDENT","MADDOX, LESTER","AMERICAN INDEPENDENT PARTY",FALSE,10058,1277383,20210113,NA,"OTHER"
1976,"LOUISIANA","LA",22,72,45,"US PRESIDENT","HALL, GUS","COMMUNIST PARTY USE",FALSE,7417,1277383,20210113,NA,"OTHER"
1976,"LOUISIANA","LA",22,72,45,"US PRESIDENT","MCCARTHY, EUGENE """"GENE""""","INDEPENDENT",FALSE,6490,1277383,20210113,NA,"OTHER"
1976,"LOUISIANA","LA",22,72,45,"US PRESIDENT","MACBRIDE, ROGER","LIBERTARIAN",FALSE,3134,1277383,20210113,NA,"LIBERTARIAN"
1976,"LOUISIANA","LA",22,72,45,"US PRESIDENT","CAMEJO, PETER","SOCIALIST WORKERS",FALSE,1473,1277383,20210113,NA,"OTHER"
1976,"MAINE","ME",23,11,2,"US PRESIDENT","FORD, GERALD","REPUBLICAN",FALSE,236320,482968,20210113,NA,"REPUBLICAN"
1976,"MAINE","ME",23,11,2,"US PRESIDENT","CARTER, JIMMY","DEMOCRAT",FALSE,232279,482968,20210113,NA,"DEMOCRAT"
1976,"MAINE","ME",23,11,2,"US PRESIDENT","MCCARTHY, EUGENE """"GENE""""","INDEPENDENT",FALSE,10874,482968,20210113,NA,"OTHER"
1976,"MAINE","ME",23,11,2,"US PRESIDENT","BUBAR, BENJAMIN """"BEN""""","PROHIBITION",FALSE,3495,482968,20210113,NA,"OTHER"
1976,"MARYLAND","MD",24,52,52,"US PRESIDENT","CARTER, JIMMY","DEMOCRAT",FALSE,759612,1432273,20210113,NA,"DEMOCRAT"
1976,"MARYLAND","MD",24,52,52,"US PRESIDENT","FORD, GERALD","REPUBLICAN",FALSE,672661,1432273,20210113,NA,"REPUBLICAN"
1976,"MASSACHUSETTS","MA",25,14,3,"US PRESIDENT","CARTER, JIMMY","DEMOCRAT",FALSE,1429475,2547558,20210113,NA,"DEMOCRAT"
1976,"MASSACHUSETTS","MA",25,14,3,"US PRESIDENT","FORD, GERALD","REPUBLICAN",FALSE,1030276,2547558,20210113,NA,"REPUBLICAN"
1976,"MASSACHUSETTS","MA",25,14,3,"US PRESIDENT","MCCARTHY, EUGENE """"GENE""""","INDEPENDENT",FALSE,65637,2547558,20210113,NA,"OTHER"
1976,"MASSACHUSETTS","MA",25,14,3,"US PRESIDENT","CAMEJO, PETER","SOCIALIST WORKERS",FALSE,8138,2547558,20210113,NA,"OTHER"
1976,"MASSACHUSETTS","MA",25,14,3,"US PRESIDENT","ANDERSON, THOMAS J.","AMERICAN",FALSE,7555,2547558,20210113,NA,"OTHER"
1976,"MASSACHUSETTS","MA",25,14,3,"US PRESIDENT","LAROUCHE, LYNDON, JR.","U.S. LABOR",FALSE,4922,2547558,20210113,NA,"OTHER"
1976,"MASSACHUSETTS","MA",25,14,3,"US PRESIDENT","SCATTERING","",FALSE,1401,2547558,20210113,NA,"OTHER"
1976,"MASSACHUSETTS","MA",25,14,3,"US PRESIDENT","MACBRIDE, ROGER","LIBERTARIAN",FALSE,135,2547558,20210113,NA,"LIBERTARIAN"
1976,"MASSACHUSETTS","MA",25,14,3,"US PRESIDENT","JULIUS """"JULES"""", LEVIN","SOCIALIST LABOR",FALSE,19,2547558,20210113,NA,"OTHER"
1976,"MICHIGAN","MI",26,34,23,"US PRESIDENT","FORD, GERALD","REPUBLICAN",FALSE,1893742,3651590,20210113,NA,"REPUBLICAN"
1976,"MICHIGAN","MI",26,34,23,"US PRESIDENT","CARTER, JIMMY","DEMOCRAT",FALSE,1696714,3651590,20210113,NA,"DEMOCRAT"
1976,"MICHIGAN","MI",26,34,23,"US PRESIDENT","MCCARTHY, EUGENE """"GENE""""","INDEPENDENT",FALSE,47905,3651590,20210113,NA,"OTHER"
1976,"MICHIGAN","MI",26,34,23,"US PRESIDENT","MACBRIDE, ROGER","LIBERTARIAN",FALSE,5407,3651590,20210113,NA,"LIBERTARIAN"
1976,"MICHIGAN","MI",26,34,23,"US PRESIDENT","WRIGHT, MARGARET","HUMAN RIGHTS",FALSE,3504,3651590,20210113,NA,"OTHER"
1976,"MICHIGAN","MI",26,34,23,"US PRESIDENT","CAMEJO, PETER","SOCIALIST WORKERS",FALSE,1804,3651590,20210113,NA,"OTHER"
1976,"MICHIGAN","MI",26,34,23,"US PRESIDENT","LAROUCHE, LYNDON, JR.","U.S. LABOR",FALSE,1366,3651590,20210113,NA,"OTHER"
1976,"MICHIGAN","MI",26,34,23,"US PRESIDENT","JULIUS """"JULES"""", LEVIN","SOCIALIST LABOR",FALSE,1148,3651590,20210113,NA,"OTHER"
1976,"MINNESOTA","MN",27,41,33,"US PRESIDENT","CARTER, JIMMY","DEMOCRAT",FALSE,1070440,1949931,20210113,NA,"DEMOCRAT"
1976,"MINNESOTA","MN",27,41,33,"US PRESIDENT","FORD, GERALD","REPUBLICAN",FALSE,819395,1949931,20210113,NA,"REPUBLICAN"
1976,"MINNESOTA","MN",27,41,33,"US PRESIDENT","MCCARTHY, EUGENE """"GENE""""","MCCARTHY '76",FALSE,35490,1949931,20210113,NA,"OTHER"
1976,"MINNESOTA","MN",27,41,33,"US PRESIDENT","ANDERSON, THOMAS J.","AMERICAN",FALSE,13592,1949931,20210113,NA,"OTHER"
1976,"MINNESOTA","MN",27,41,33,"US PRESIDENT","CAMEJO, PETER","SOCIALIST WORKERS",FALSE,4149,1949931,20210113,NA,"OTHER"
1976,"MINNESOTA","MN",27,41,33,"US PRESIDENT","MACBRIDE, ROGER","LIBERTARIAN",FALSE,3529,1949931,20210113,NA,"LIBERTARIAN"
1976,"MINNESOTA","MN",27,41,33,"US PRESIDENT","HALL, GUS","COMMUNIST PARTY USE",FALSE,1092,1949931,20210113,NA,"OTHER"
1976,"MINNESOTA","MN",27,41,33,"US PRESIDENT","WRIGHT, MARGARET","PEOPLE'S",FALSE,635,1949931,20210113,NA,"OTHER"
1976,"MINNESOTA","MN",27,41,33,"US PRESIDENT","LAROUCHE, LYNDON, JR.","INTERNATIONAL DEVELOPMENT BANK",FALSE,543,1949931,20210113,NA,"OTHER"
1976,"MINNESOTA","MN",27,41,33,"US PRESIDENT","JULIUS """"JULES"""", LEVIN","INDUSTRIAL GOVERNMENT PARTY",FALSE,370,1949931,20210113,NA,"OTHER"
1976,"MINNESOTA","MN",27,41,33,"US PRESIDENT","ZEIDLER, FRANK","SOCIALIST",FALSE,354,1949931,20210113,NA,"OTHER"
1976,"MINNESOTA","MN",27,41,33,"US PRESIDENT","","",TRUE,342,1949931,20210113,NA,"OTHER"
1976,"MISSISSIPPI","MS",28,64,46,"US PRESIDENT","CARTER, JIMMY","DEMOCRAT",FALSE,381329,768390,20210113,NA,"DEMOCRAT"
1976,"MISSISSIPPI","MS",28,64,46,"US PRESIDENT","FORD, GERALD","REPUBLICAN",FALSE,366846,768390,20210113,NA,"REPUBLICAN"
1976,"MISSISSIPPI","MS",28,64,46,"US PRESIDENT","ANDERSON, THOMAS J.","AMERICAN",FALSE,6678,768390,20210113,NA,"OTHER"
1976,"MISSISSIPPI","MS",28,64,46,"US PRESIDENT","MCCARTHY, EUGENE """"GENE""""","INDEPENDENT",FALSE,4074,768390,20210113,NA,"OTHER"
1976,"MISSISSIPPI","MS",28,64,46,"US PRESIDENT","MADDOX, LESTER","AMERICAN INDEPENDENT PARTY",FALSE,4049,768390,20210113,NA,"OTHER"
1976,"MISSISSIPPI","MS",28,64,46,"US PRESIDENT","CAMEJO, PETER","SOCIALIST WORKERS",FALSE,2805,768390,20210113,NA,"OTHER"
1976,"MISSISSIPPI","MS",28,64,46,"US PRESIDENT","MACBRIDE, ROGER","LIBERTARIAN",FALSE,2609,768390,20210113,NA,"LIBERTARIAN"
1976,"MISSOURI","MO",29,43,34,"US PRESIDENT","CARTER, JIMMY","DEMOCRAT",FALSE,998387,1953600,20210113,NA,"DEMOCRAT"
1976,"MISSOURI","MO",29,43,34,"US PRESIDENT","FORD, GERALD","REPUBLICAN",FALSE,927443,1953600,20210113,NA,"REPUBLICAN"
1976,"MISSOURI","MO",29,43,34,"US PRESIDENT","MCCARTHY, EUGENE """"GENE""""","INDEPENDENT",FALSE,24029,1953600,20210113,NA,"OTHER"
1976,"MISSOURI","MO",29,43,34,"US PRESIDENT","OTHER","",FALSE,3741,1953600,20210113,NA,"OTHER"
1976,"MONTANA","MT",30,81,64,"US PRESIDENT","FORD, GERALD","REPUBLICAN",FALSE,173703,328734,20210113,NA,"REPUBLICAN"
1976,"MONTANA","MT",30,81,64,"US PRESIDENT","CARTER, JIMMY","DEMOCRAT",FALSE,149259,328734,20210113,NA,"DEMOCRAT"
1976,"MONTANA","MT",30,81,64,"US PRESIDENT","ANDERSON, THOMAS J.","AMERICAN",FALSE,5772,328734,20210113,NA,"OTHER"
1976,"NEBRASKA","NE",31,46,35,"US PRESIDENT","FORD, GERALD","REPUBLICAN",FALSE,359219,606749,20210113,NA,"REPUBLICAN"
1976,"NEBRASKA","NE",31,46,35,"US PRESIDENT","CARTER, JIMMY","DEMOCRAT",FALSE,233293,606749,20210113,NA,"DEMOCRAT"
1976,"NEBRASKA","NE",31,46,35,"US PRESIDENT","MCCARTHY, EUGENE """"GENE""""","INDEPENDENT",FALSE,9383,606749,20210113,NA,"OTHER"
1976,"NEBRASKA","NE",31,46,35,"US PRESIDENT","MADDOX, LESTER","AMERICAN INDEPENDENT PARTY",FALSE,3378,606749,20210113,NA,"OTHER"
1976,"NEBRASKA","NE",31,46,35,"US PRESIDENT","MACBRIDE, ROGER","LIBERTARIAN",FALSE,1476,606749,20210113,NA,"LIBERTARIAN"
1976,"NEVADA","NV",32,88,65,"US PRESIDENT","FORD, GERALD","REPUBLICAN",FALSE,101273,201876,20210113,NA,"REPUBLICAN"
1976,"NEVADA","NV",32,88,65,"US PRESIDENT","CARTER, JIMMY","DEMOCRAT",FALSE,92479,201876,20210113,NA,"DEMOCRAT"
1976,"NEVADA","NV",32,88,65,"US PRESIDENT","OTHER","",FALSE,5108,201876,20210113,NA,"OTHER"
1976,"NEVADA","NV",32,88,65,"US PRESIDENT","MACBRIDE, ROGER","LIBERTARIAN",FALSE,1519,201876,20210113,NA,"LIBERTARIAN"
1976,"NEVADA","NV",32,88,65,"US PRESIDENT","MADDOX, LESTER","AMERICAN INDEPENDENT PARTY",FALSE,1497,201876,20210113,NA,"OTHER"
1976,"NEW HAMPSHIRE","NH",33,12,4,"US PRESIDENT","FORD, GERALD","REPUBLICAN",FALSE,185935,339627,20210113,NA,"REPUBLICAN"
1976,"NEW HAMPSHIRE","NH",33,12,4,"US PRESIDENT","CARTER, JIMMY","DEMOCRAT",FALSE,147645,339627,20210113,NA,"DEMOCRAT"
1976,"NEW HAMPSHIRE","NH",33,12,4,"US PRESIDENT","MCCARTHY, EUGENE """"GENE""""","INDEPENDENT",FALSE,4095,339627,20210113,NA,"OTHER"
1976,"NEW HAMPSHIRE","NH",33,12,4,"US PRESIDENT","MACBRIDE, ROGER","LIBERTARIAN",FALSE,936,339627,20210113,NA,"LIBERTARIAN"
1976,"NEW HAMPSHIRE","NH",33,12,4,"US PRESIDENT","SCATTERING","",FALSE,603,339627,20210113,NA,"OTHER"
1976,"NEW HAMPSHIRE","NH",33,12,4,"US PRESIDENT","LAROUCHE, LYNDON, JR.","U.S. LABOR",FALSE,186,339627,20210113,NA,"OTHER"
1976,"NEW HAMPSHIRE","NH",33,12,4,"US PRESIDENT","CAMEJO, PETER","SOCIALIST WORKERS",FALSE,161,339627,20210113,NA,"OTHER"
1976,"NEW HAMPSHIRE","NH",33,12,4,"US PRESIDENT","JULIUS """"JULES"""", LEVIN","SOCIALIST LABOR",FALSE,66,339627,20210113,NA,"OTHER"
1976,"NEW JERSEY","NJ",34,22,12,"US PRESIDENT","FORD, GERALD","REPUBLICAN",FALSE,1509688,3014472,20210113,NA,"REPUBLICAN"
1976,"NEW JERSEY","NJ",34,22,12,"US PRESIDENT","CARTER, JIMMY","DEMOCRAT",FALSE,1444653,3014472,20210113,NA,"DEMOCRAT"
1976,"NEW JERSEY","NJ",34,22,12,"US PRESIDENT","MCCARTHY, EUGENE """"GENE""""","INDEPENDENT",FALSE,32717,3014472,20210113,NA,"OTHER"
1976,"NEW JERSEY","NJ",34,22,12,"US PRESIDENT","MACBRIDE, ROGER","LIBERTARIAN",FALSE,9449,3014472,20210113,NA,"LIBERTARIAN"
1976,"NEW JERSEY","NJ",34,22,12,"US PRESIDENT","MADDOX, LESTER","AMERICAN INDEPENDENT PARTY",FALSE,7716,3014472,20210113,NA,"OTHER"
1976,"NEW JERSEY","NJ",34,22,12,"US PRESIDENT","JULIUS """"JULES"""", LEVIN","SOCIALIST LABOR",FALSE,3686,3014472,20210113,NA,"OTHER"
1976,"NEW JERSEY","NJ",34,22,12,"US PRESIDENT","HALL, GUS","COMMUNIST PARTY USE",FALSE,1662,3014472,20210113,NA,"OTHER"
1976,"NEW JERSEY","NJ",34,22,12,"US PRESIDENT","LAROUCHE, LYNDON, JR.","U.S. LABOR",FALSE,1650,3014472,20210113,NA,"OTHER"
1976,"NEW JERSEY","NJ",34,22,12,"US PRESIDENT","CAMEJO, PETER","SOCIALIST WORKERS",FALSE,1184,3014472,20210113,NA,"OTHER"
1976,"NEW JERSEY","NJ",34,22,12,"US PRESIDENT","WRIGHT, MARGARET","PEACE & FREEDOM",FALSE,1044,3014472,20210113,NA,"OTHER"
1976,"NEW JERSEY","NJ",34,22,12,"US PRESIDENT","BUBAR, BENJAMIN """"BEN""""","PROHIBITION",FALSE,554,3014472,20210113,NA,"OTHER"
1976,"NEW JERSEY","NJ",34,22,12,"US PRESIDENT","ZEIDLER, FRANK","SOCIALIST",FALSE,469,3014472,20210113,NA,"OTHER"
1976,"NEW MEXICO","NM",35,85,66,"US PRESIDENT","FORD, GERALD","REPUBLICAN",FALSE,211419,416590,20210113,NA,"REPUBLICAN"
1976,"NEW MEXICO","NM",35,85,66,"US PRESIDENT","CARTER, JIMMY","DEMOCRAT",FALSE,201148,416590,20210113,NA,"DEMOCRAT"
1976,"NEW MEXICO","NM",35,85,66,"US PRESIDENT","CAMEJO, PETER","SOCIALIST WORKERS",FALSE,2462,416590,20210113,NA,"OTHER"
1976,"NEW MEXICO","NM",35,85,66,"US PRESIDENT","MACBRIDE, ROGER","LIBERTARIAN",FALSE,1110,416590,20210113,NA,"LIBERTARIAN"
1976,"NEW MEXICO","NM",35,85,66,"US PRESIDENT","ZEIDLER, FRANK","SOCIALIST",FALSE,240,416590,20210113,NA,"OTHER"
1976,"NEW MEXICO","NM",35,85,66,"US PRESIDENT","BUBAR, BENJAMIN """"BEN""""","PROHIBITION",FALSE,211,416590,20210113,NA,"OTHER"
1976,"NEW YORK","NY",36,21,13,"US PRESIDENT","CARTER, JIMMY","DEMOCRAT",FALSE,3244165,6668262,20210113,NA,"DEMOCRAT"
1976,"NEW YORK","NY",36,21,13,"US PRESIDENT","FORD, GERALD","REPUBLICAN",FALSE,2825913,6668262,20210113,NA,"REPUBLICAN"
1976,"NEW YORK","NY",36,21,13,"US PRESIDENT","FORD, GERALD","CONSERVATIVE",FALSE,274878,6668262,20210113,NA,"OTHER"
1976,"NEW YORK","NY",36,21,13,"US PRESIDENT","CARTER, JIMMY","LIBERAL PARTY",FALSE,145393,6668262,20210113,NA,"OTHER"
1976,"NEW YORK","NY",36,21,13,"US PRESIDENT","OTHER","",FALSE,143037,6668262,20210113,NA,"OTHER"
1976,"NEW YORK","NY",36,21,13,"US PRESIDENT","MACBRIDE, ROGER","FREE LIBERTARIAN",FALSE,12197,6668262,20210113,NA,"OTHER"
1976,"NEW YORK","NY",36,21,13,"US PRESIDENT","HALL, GUS","COMMUNIST PARTY USE",FALSE,10270,6668262,20210113,NA,"OTHER"
1976,"NEW YORK","NY",36,21,13,"US PRESIDENT","CAMEJO, PETER","SOCIALIST WORKERS",FALSE,6996,6668262,20210113,NA,"OTHER"
1976,"NEW YORK","NY",36,21,13,"US PRESIDENT","LAROUCHE, LYNDON, JR.","LABOR",FALSE,5413,6668262,20210113,NA,"OTHER"
1976,"NORTH CAROLINA","NC",37,56,47,"US PRESIDENT","CARTER, JIMMY","DEMOCRAT",FALSE,927365,1677906,20210113,NA,"DEMOCRAT"
1976,"NORTH CAROLINA","NC",37,56,47,"US PRESIDENT","FORD, GERALD","REPUBLICAN",FALSE,741960,1677906,20210113,NA,"REPUBLICAN"
1976,"NORTH CAROLINA","NC",37,56,47,"US PRESIDENT","ANDERSON, THOMAS J.","AMERICAN",FALSE,5607,1677906,20210113,NA,"OTHER"
1976,"NORTH CAROLINA","NC",37,56,47,"US PRESIDENT","MACBRIDE, ROGER","LIBERTARIAN",FALSE,2219,1677906,20210113,NA,"LIBERTARIAN"
1976,"NORTH CAROLINA","NC",37,56,47,"US PRESIDENT","LAROUCHE, LYNDON, JR.","U.S. LABOR",FALSE,755,1677906,20210113,NA,"OTHER"
1976,"NORTH DAKOTA","ND",38,44,36,"US PRESIDENT","FORD, GERALD","REPUBLICAN",FALSE,153684,297308,20210113,NA,"REPUBLICAN"
1976,"NORTH DAKOTA","ND",38,44,36,"US PRESIDENT","CARTER, JIMMY","DEMOCRAT",FALSE,136078,297308,20210113,NA,"DEMOCRAT"
1976,"NORTH DAKOTA","ND",38,44,36,"US PRESIDENT","ANDERSON, THOMAS J.","AMERICAN",FALSE,3698,297308,20210113,NA,"OTHER"
1976,"NORTH DAKOTA","ND",38,44,36,"US PRESIDENT","MCCARTHY, EUGENE """"GENE""""","INDEPENDENT",FALSE,2952,297308,20210113,NA,"OTHER"
1976,"NORTH DAKOTA","ND",38,44,36,"US PRESIDENT","MADDOX, LESTER","AMERICAN INDEPENDENT PARTY",FALSE,269,297308,20210113,NA,"OTHER"
1976,"NORTH DAKOTA","ND",38,44,36,"US PRESIDENT","MACBRIDE, ROGER","LIBERTARIAN",FALSE,256,297308,20210113,NA,"LIBERTARIAN"
1976,"NORTH DAKOTA","ND",38,44,36,"US PRESIDENT","LAROUCHE, LYNDON, JR.","U.S. LABOR",FALSE,142,297308,20210113,NA,"OTHER"
1976,"NORTH DAKOTA","ND",38,44,36,"US PRESIDENT","HALL, GUS","COMMUNIST PARTY USE",FALSE,85,297308,20210113,NA,"OTHER"
1976,"NORTH DAKOTA","ND",38,44,36,"US PRESIDENT","BUBAR, BENJAMIN """"BEN""""","PROHIBITION",FALSE,63,297308,20210113,NA,"OTHER"
1976,"NORTH DAKOTA","ND",38,44,36,"US PRESIDENT","CAMEJO, PETER","SOCIALIST WORKERS",FALSE,43,297308,20210113,NA,"OTHER"
1976,"NORTH DAKOTA","ND",38,44,36,"US PRESIDENT","ZEIDLER, FRANK","SOCIALIST",FALSE,38,297308,20210113,NA,"OTHER"
1976,"OHIO","OH",39,31,24,"US PRESIDENT","CARTER, JIMMY","DEMOCRAT",FALSE,2009959,4110456,20210113,NA,"DEMOCRAT"
1976,"OHIO","OH",39,31,24,"US PRESIDENT","FORD, GERALD","REPUBLICAN",FALSE,2000626,4110456,20210113,NA,"REPUBLICAN"
1976,"OHIO","OH",39,31,24,"US PRESIDENT","MCCARTHY, EUGENE """"GENE""""","INDEPENDENT",FALSE,58267,4110456,20210113,NA,"OTHER"
1976,"OHIO","OH",39,31,24,"US PRESIDENT","MADDOX, LESTER","AMERICAN INDEPENDENT PARTY",FALSE,15508,4110456,20210113,NA,"OTHER"
1976,"OHIO","OH",39,31,24,"US PRESIDENT","MACBRIDE, ROGER","LIBERTARIAN",FALSE,8952,4110456,20210113,NA,"LIBERTARIAN"
1976,"OHIO","OH",39,31,24,"US PRESIDENT","HALL, GUS","COMMUNIST PARTY USE",FALSE,7817,4110456,20210113,NA,"OTHER"
1976,"OHIO","OH",39,31,24,"US PRESIDENT","CAMEJO, PETER","SOCIALIST WORKERS",FALSE,4833,4110456,20210113,NA,"OTHER"
1976,"OHIO","OH",39,31,24,"US PRESIDENT","LAROUCHE, LYNDON, JR.","U.S. LABOR",FALSE,4364,4110456,20210113,NA,"OTHER"
1976,"OHIO","OH",39,31,24,"US PRESIDENT","JULIUS """"JULES"""", LEVIN","SOCIALIST LABOR",FALSE,68,4110456,20210113,NA,"OTHER"
1976,"OHIO","OH",39,31,24,"US PRESIDENT","BUBAR, BENJAMIN """"BEN""""","PROHIBITION",FALSE,62,4110456,20210113,NA,"OTHER"
1976,"OKLAHOMA","OK",40,73,53,"US PRESIDENT","FORD, GERALD","REPUBLICAN",FALSE,545708,1092251,20210113,NA,"REPUBLICAN"
1976,"OKLAHOMA","OK",40,73,53,"US PRESIDENT","CARTER, JIMMY","DEMOCRAT",FALSE,532442,1092251,20210113,NA,"DEMOCRAT"
1976,"OKLAHOMA","OK",40,73,53,"US PRESIDENT","MCCARTHY, EUGENE """"GENE""""","INDEPENDENT",FALSE,14101,1092251,20210113,NA,"OTHER"
1976,"OREGON","OR",41,92,72,"US PRESIDENT","FORD, GERALD","REPUBLICAN",FALSE,492120,1029876,20210113,NA,"REPUBLICAN"
1976,"OREGON","OR",41,92,72,"US PRESIDENT","CARTER, JIMMY","DEMOCRAT",FALSE,490407,1029876,20210113,NA,"DEMOCRAT"
1976,"OREGON","OR",41,92,72,"US PRESIDENT","MCCARTHY, EUGENE """"GENE""""","INDEPENDENT",FALSE,40207,1029876,20210113,NA,"OTHER"
1976,"OREGON","OR",41,92,72,"US PRESIDENT","","",TRUE,6107,1029876,20210113,NA,"OTHER"
1976,"OREGON","OR",41,92,72,"US PRESIDENT","ANDERSON, THOMAS J.","AMERICAN",FALSE,1035,1029876,20210113,NA,"OTHER"
1976,"PENNSYLVANIA","PA",42,23,14,"US PRESIDENT","CARTER, JIMMY","DEMOCRAT",FALSE,2328677,4620787,20210113,NA,"DEMOCRAT"
1976,"PENNSYLVANIA","PA",42,23,14,"US PRESIDENT","FORD, GERALD","REPUBLICAN",FALSE,2205604,4620787,20210113,NA,"REPUBLICAN"
1976,"PENNSYLVANIA","PA",42,23,14,"US PRESIDENT","MCCARTHY, EUGENE """"GENE""""","MCCARTHY '76",FALSE,50584,4620787,20210113,NA,"OTHER"
1976,"PENNSYLVANIA","PA",42,23,14,"US PRESIDENT","MADDOX, LESTER","CONSTITUTION PARTY",FALSE,25344,4620787,20210113,NA,"OTHER"
1976,"PENNSYLVANIA","PA",42,23,14,"US PRESIDENT","CAMEJO, PETER","SOCIALIST WORKERS",FALSE,3009,4620787,20210113,NA,"OTHER"
1976,"PENNSYLVANIA","PA",42,23,14,"US PRESIDENT","OTHER","",FALSE,2934,4620787,20210113,NA,"OTHER"
1976,"PENNSYLVANIA","PA",42,23,14,"US PRESIDENT","LAROUCHE, LYNDON, JR.","U.S. LABOR",FALSE,2744,4620787,20210113,NA,"OTHER"
1976,"PENNSYLVANIA","PA",42,23,14,"US PRESIDENT","HALL, GUS","COMMUNIST PARTY USE",FALSE,1891,4620787,20210113,NA,"OTHER"
1976,"RHODE ISLAND","RI",44,15,5,"US PRESIDENT","CARTER, JIMMY","DEMOCRAT",FALSE,227636,410584,20210113,NA,"DEMOCRAT"
1976,"RHODE ISLAND","RI",44,15,5,"US PRESIDENT","FORD, GERALD","REPUBLICAN",FALSE,181249,410584,20210113,NA,"REPUBLICAN"
1976,"RHODE ISLAND","RI",44,15,5,"US PRESIDENT","MACBRIDE, ROGER","LIBERTARIAN",FALSE,715,410584,20210113,NA,"LIBERTARIAN"
1976,"RHODE ISLAND","RI",44,15,5,"US PRESIDENT","CAMEJO, PETER","SOCIALIST WORKERS",FALSE,462,410584,20210113,NA,"OTHER"
1976,"RHODE ISLAND","RI",44,15,5,"US PRESIDENT","HALL, GUS","COMMUNIST PARTY USE",FALSE,334,410584,20210113,NA,"OTHER"
1976,"RHODE ISLAND","RI",44,15,5,"US PRESIDENT","JULIUS """"JULES"""", LEVIN","SOCIALIST LABOR",FALSE,188,410584,20210113,NA,"OTHER"
1976,"SOUTH CAROLINA","SC",45,57,48,"US PRESIDENT","CARTER, JIMMY","DEMOCRAT",FALSE,450807,802583,20210113,NA,"DEMOCRAT"
1976,"SOUTH CAROLINA","SC",45,57,48,"US PRESIDENT","FORD, GERALD","REPUBLICAN",FALSE,346149,802583,20210113,NA,"REPUBLICAN"
1976,"SOUTH CAROLINA","SC",45,57,48,"US PRESIDENT","ANDERSON, THOMAS J.","AMERICAN",FALSE,2996,802583,20210113,NA,"OTHER"
1976,"SOUTH CAROLINA","SC",45,57,48,"US PRESIDENT","MADDOX, LESTER","AMERICAN INDEPENDENT PARTY",FALSE,1950,802583,20210113,NA,"OTHER"
1976,"SOUTH CAROLINA","SC",45,57,48,"US PRESIDENT","","",TRUE,681,802583,20210113,NA,"OTHER"
1976,"SOUTH DAKOTA","SD",46,45,37,"US PRESIDENT","FORD, GERALD","REPUBLICAN",FALSE,151505,300678,20210113,NA,"REPUBLICAN"
1976,"SOUTH DAKOTA","SD",46,45,37,"US PRESIDENT","CARTER, JIMMY","DEMOCRAT",FALSE,147068,300678,20210113,NA,"DEMOCRAT"
1976,"SOUTH DAKOTA","SD",46,45,37,"US PRESIDENT","MACBRIDE, ROGER","LIBERTARIAN",FALSE,1619,300678,20210113,NA,"LIBERTARIAN"
1976,"SOUTH DAKOTA","SD",46,45,37,"US PRESIDENT","HALL, GUS","COMMUNIST PARTY USE",FALSE,318,300678,20210113,NA,"OTHER"
1976,"SOUTH DAKOTA","SD",46,45,37,"US PRESIDENT","CAMEJO, PETER","SOCIALIST WORKERS",FALSE,168,300678,20210113,NA,"OTHER"
1976,"TENNESSEE","TN",47,62,54,"US PRESIDENT","CARTER, JIMMY","DEMOCRAT",FALSE,825879,1476346,20210113,NA,"DEMOCRAT"
1976,"TENNESSEE","TN",47,62,54,"US PRESIDENT","FORD, GERALD","REPUBLICAN",FALSE,633969,1476346,20210113,NA,"REPUBLICAN"
1976,"TENNESSEE","TN",47,62,54,"US PRESIDENT","ANDERSON, THOMAS J.","INDEPENDENT",FALSE,5769,1476346,20210113,NA,"OTHER"
1976,"TENNESSEE","TN",47,62,54,"US PRESIDENT","MCCARTHY, EUGENE """"GENE""""","INDEPENDENT",FALSE,5004,1476346,20210113,NA,"OTHER"
1976,"TENNESSEE","TN",47,62,54,"US PRESIDENT","MADDOX, LESTER","INDEPENDENT",FALSE,2303,1476346,20210113,NA,"OTHER"
1976,"TENNESSEE","TN",47,62,54,"US PRESIDENT","MACBRIDE, ROGER","INDEPENDENT",FALSE,1375,1476346,20210113,NA,"OTHER"
1976,"TENNESSEE","TN",47,62,54,"US PRESIDENT","HALL, GUS","INDEPENDENT",FALSE,547,1476346,20210113,NA,"OTHER"
1976,"TENNESSEE","TN",47,62,54,"US PRESIDENT","LAROUCHE, LYNDON, JR.","INDEPENDENT",FALSE,512,1476346,20210113,NA,"OTHER"
1976,"TENNESSEE","TN",47,62,54,"US PRESIDENT","BUBAR, BENJAMIN """"BEN""""","INDEPENDENT",FALSE,442,1476346,20210113,NA,"OTHER"
1976,"TENNESSEE","TN",47,62,54,"US PRESIDENT","","INDEPENDENT",FALSE,316,1476346,20210113,NA,"OTHER"
1976,"TENNESSEE","TN",47,62,54,"US PRESIDENT","","",TRUE,230,1476346,20210113,NA,"OTHER"
1976,"TEXAS","TX",48,74,49,"US PRESIDENT","CARTER, JIMMY","DEMOCRAT",FALSE,2082319,4071884,20210113,NA,"DEMOCRAT"
1976,"TEXAS","TX",48,74,49,"US PRESIDENT","FORD, GERALD","REPUBLICAN",FALSE,1953300,4071884,20210113,NA,"REPUBLICAN"
1976,"TEXAS","TX",48,74,49,"US PRESIDENT","MCCARTHY, EUGENE """"GENE""""","INDEPENDENT",FALSE,20118,4071884,20210113,NA,"OTHER"
1976,"TEXAS","TX",48,74,49,"US PRESIDENT","ANDERSON, THOMAS J.","AMERICAN",FALSE,11442,4071884,20210113,NA,"OTHER"
1976,"TEXAS","TX",48,74,49,"US PRESIDENT","","",TRUE,2982,4071884,20210113,NA,"OTHER"
1976,"TEXAS","TX",48,74,49,"US PRESIDENT","CAMEJO, PETER","SOCIALIST WORKERS",FALSE,1723,4071884,20210113,NA,"OTHER"
1976,"UTAH","UT",49,87,67,"US PRESIDENT","FORD, GERALD","REPUBLICAN",FALSE,337908,541218,20210113,NA,"REPUBLICAN"
1976,"UTAH","UT",49,87,67,"US PRESIDENT","CARTER, JIMMY","DEMOCRAT",FALSE,182110,541218,20210113,NA,"DEMOCRAT"
1976,"UTAH","UT",49,87,67,"US PRESIDENT","ANDERSON, THOMAS J.","AMERICAN",FALSE,13304,541218,20210113,NA,"OTHER"
1976,"UTAH","UT",49,87,67,"US PRESIDENT","MCCARTHY, EUGENE """"GENE""""","INDEPENDENT",FALSE,3907,541218,20210113,NA,"OTHER"
1976,"UTAH","UT",49,87,67,"US PRESIDENT","MACBRIDE, ROGER","LIBERAL PARTY",FALSE,2438,541218,20210113,NA,"OTHER"
1976,"UTAH","UT",49,87,67,"US PRESIDENT","MADDOX, LESTER","CONCERNED CITIZENS",FALSE,1162,541218,20210113,NA,"OTHER"
1976,"UTAH","UT",49,87,67,"US PRESIDENT","CAMEJO, PETER","INDEPENDENT",FALSE,268,541218,20210113,NA,"OTHER"
1976,"UTAH","UT",49,87,67,"US PRESIDENT","HALL, GUS","INDEPENDENT",FALSE,121,541218,20210113,NA,"OTHER"
1976,"VERMONT","VT",50,13,6,"US PRESIDENT","FORD, GERALD","REPUBLICAN",FALSE,100387,183902,20210113,NA,"REPUBLICAN"
1976,"VERMONT","VT",50,13,6,"US PRESIDENT","CARTER, JIMMY","DEMOCRAT",FALSE,77798,183902,20210113,NA,"DEMOCRAT"
1976,"VERMONT","VT",50,13,6,"US PRESIDENT","MCCARTHY, EUGENE """"GENE""""","INDEPENDENT",FALSE,4001,183902,20210113,NA,"OTHER"
1976,"VERMONT","VT",50,13,6,"US PRESIDENT","OTHER","",FALSE,1090,183902,20210113,NA,"OTHER"
1976,"VERMONT","VT",50,13,6,"US PRESIDENT","CAMEJO, PETER","SOCIALIST WORKERS",FALSE,430,183902,20210113,NA,"OTHER"
1976,"VERMONT","VT",50,13,6,"US PRESIDENT","LAROUCHE, LYNDON, JR.","U.S. LABOR",FALSE,196,183902,20210113,NA,"OTHER"
1976,"VIRGINIA","VA",51,54,40,"US PRESIDENT","FORD, GERALD","REPUBLICAN",FALSE,836554,1697094,20210113,NA,"REPUBLICAN"
1976,"VIRGINIA","VA",51,54,40,"US PRESIDENT","CARTER, JIMMY","DEMOCRAT",FALSE,813896,1697094,20210113,NA,"DEMOCRAT"
1976,"VIRGINIA","VA",51,54,40,"US PRESIDENT","CAMEJO, PETER","SOCIALIST WORKERS",FALSE,17802,1697094,20210113,NA,"OTHER"
1976,"VIRGINIA","VA",51,54,40,"US PRESIDENT","ANDERSON, THOMAS J.","AMERICAN",FALSE,16686,1697094,20210113,NA,"OTHER"
1976,"VIRGINIA","VA",51,54,40,"US PRESIDENT","LAROUCHE, LYNDON, JR.","U.S. LABOR",FALSE,7508,1697094,20210113,NA,"OTHER"
1976,"VIRGINIA","VA",51,54,40,"US PRESIDENT","MACBRIDE, ROGER","LIBERTARIAN",FALSE,4648,1697094,20210113,NA,"LIBERTARIAN"
1976,"WASHINGTON","WA",53,91,73,"US PRESIDENT","FORD, GERALD","REPUBLICAN",FALSE,777732,1555534,20210113,NA,"REPUBLICAN"
1976,"WASHINGTON","WA",53,91,73,"US PRESIDENT","CARTER, JIMMY","DEMOCRAT",FALSE,717323,1555534,20210113,NA,"DEMOCRAT"
1976,"WASHINGTON","WA",53,91,73,"US PRESIDENT","MCCARTHY, EUGENE """"GENE""""","INDEPENDENT",FALSE,36986,1555534,20210113,NA,"OTHER"
1976,"WASHINGTON","WA",53,91,73,"US PRESIDENT","MADDOX, LESTER","AMERICAN INDEPENDENT PARTY",FALSE,8585,1555534,20210113,NA,"OTHER"
1976,"WASHINGTON","WA",53,91,73,"US PRESIDENT","OTHER","",FALSE,5482,1555534,20210113,NA,"OTHER"
1976,"WASHINGTON","WA",53,91,73,"US PRESIDENT","MACBRIDE, ROGER","LIBERTARIAN",FALSE,5042,1555534,20210113,NA,"LIBERTARIAN"
1976,"WASHINGTON","WA",53,91,73,"US PRESIDENT","ANDERSON, THOMAS J.","CONSTITUTION PARTY",FALSE,1046,1555534,20210113,NA,"OTHER"
1976,"WASHINGTON","WA",53,91,73,"US PRESIDENT","CAMEJO, PETER","SOCIALIST WORKERS",FALSE,905,1555534,20210113,NA,"OTHER"
1976,"WASHINGTON","WA",53,91,73,"US PRESIDENT","LAROUCHE, LYNDON, JR.","U.S. LABOR",FALSE,903,1555534,20210113,NA,"OTHER"
1976,"WASHINGTON","WA",53,91,73,"US PRESIDENT","HALL, GUS","COMMUNIST PARTY USE",FALSE,817,1555534,20210113,NA,"OTHER"
1976,"WASHINGTON","WA",53,91,73,"US PRESIDENT","JULIUS """"JULES"""", LEVIN","SOCIALIST LABOR",FALSE,713,1555534,20210113,NA,"OTHER"
1976,"WEST VIRGINIA","WV",54,55,56,"US PRESIDENT","CARTER, JIMMY","DEMOCRAT",FALSE,435864,750590,20210113,NA,"DEMOCRAT"
1976,"WEST VIRGINIA","WV",54,55,56,"US PRESIDENT","FORD, GERALD","REPUBLICAN",FALSE,314726,750590,20210113,NA,"REPUBLICAN"
1976,"WISCONSIN","WI",55,35,25,"US PRESIDENT","CARTER, JIMMY","DEMOCRAT",FALSE,1040232,2101336,20210113,NA,"DEMOCRAT"
1976,"WISCONSIN","WI",55,35,25,"US PRESIDENT","FORD, GERALD","REPUBLICAN",FALSE,1004987,2101336,20210113,NA,"REPUBLICAN"
1976,"WISCONSIN","WI",55,35,25,"US PRESIDENT","MCCARTHY, EUGENE """"GENE""""","INDEPENDENT",FALSE,34943,2101336,20210113,NA,"OTHER"
1976,"WISCONSIN","WI",55,35,25,"US PRESIDENT","MADDOX, LESTER","AMERICAN INDEPENDENT PARTY",FALSE,8552,2101336,20210113,NA,"OTHER"
1976,"WISCONSIN","WI",55,35,25,"US PRESIDENT","ZEIDLER, FRANK","SOCIALIST",FALSE,4298,2101336,20210113,NA,"OTHER"
1976,"WISCONSIN","WI",55,35,25,"US PRESIDENT","MACBRIDE, ROGER","LIBERTARIAN",FALSE,3814,2101336,20210113,NA,"LIBERTARIAN"
1976,"WISCONSIN","WI",55,35,25,"US PRESIDENT","OTHER","",FALSE,2430,2101336,20210113,NA,"OTHER"
1976,"WISCONSIN","WI",55,35,25,"US PRESIDENT","CAMEJO, PETER","SOCIALIST WORKERS",FALSE,1691,2101336,20210113,NA,"OTHER"
1976,"WISCONSIN","WI",55,35,25,"US PRESIDENT","JULIUS """"JULES"""", LEVIN","SOCIALIST LABOR",FALSE,389,2101336,20210113,NA,"OTHER"
1976,"WYOMING","WY",56,83,68,"US PRESIDENT","FORD, GERALD","REPUBLICAN",FALSE,92717,156343,20210113,NA,"REPUBLICAN"
1976,"WYOMING","WY",56,83,68,"US PRESIDENT","CARTER, JIMMY","DEMOCRAT",FALSE,62239,156343,20210113,NA,"DEMOCRAT"
1976,"WYOMING","WY",56,83,68,"US PRESIDENT","","",TRUE,1387,156343,20210113,NA,"OTHER"
1980,"ALABAMA","AL",1,63,41,"US PRESIDENT","REAGAN, RONALD","REPUBLICAN",FALSE,654192,1341929,20210113,NA,"REPUBLICAN"
1980,"ALABAMA","AL",1,63,41,"US PRESIDENT","CARTER, JIMMY","DEMOCRAT",FALSE,636730,1341929,20210113,NA,"DEMOCRAT"
1980,"ALABAMA","AL",1,63,41,"US PRESIDENT","ANDERSON, JOHN B.","INDEPENDENT",FALSE,16481,1341929,20210113,NA,"OTHER"
1980,"ALABAMA","AL",1,63,41,"US PRESIDENT","RARICK, JOHN","CONSERVATIVE",FALSE,15010,1341929,20210113,NA,"OTHER"
1980,"ALABAMA","AL",1,63,41,"US PRESIDENT","CLARK, EDWARD """"ED""""","LIBERTARIAN",FALSE,13318,1341929,20210113,NA,"LIBERTARIAN"
1980,"ALABAMA","AL",1,63,41,"US PRESIDENT","BUBAR, BENJAMIN """"BEN""""","STATESMAN",FALSE,1743,1341929,20210113,NA,"OTHER"
1980,"ALABAMA","AL",1,63,41,"US PRESIDENT","HALL, GUS","COMMUNIST PARTY USE",FALSE,1629,1341929,20210113,NA,"OTHER"
1980,"ALABAMA","AL",1,63,41,"US PRESIDENT","DEBERRY, CLIFTON","SOCIALIST WORKERS",FALSE,1303,1341929,20210113,NA,"OTHER"
1980,"ALABAMA","AL",1,63,41,"US PRESIDENT","MCREYNOLDS, DAVID","SOCIALIST",FALSE,1006,1341929,20210113,NA,"OTHER"
1980,"ALABAMA","AL",1,63,41,"US PRESIDENT","COMMONER, BARRY","CITIZENS",FALSE,517,1341929,20210113,NA,"OTHER"
1980,"ALASKA","AK",2,94,81,"US PRESIDENT","REAGAN, RONALD","REPUBLICAN",FALSE,86112,158445,20210113,NA,"REPUBLICAN"
1980,"ALASKA","AK",2,94,81,"US PRESIDENT","CARTER, JIMMY","DEMOCRAT",FALSE,41842,158445,20210113,NA,"DEMOCRAT"
1980,"ALASKA","AK",2,94,81,"US PRESIDENT","CLARK, EDWARD """"ED""""","LIBERTARIAN",FALSE,18479,158445,20210113,NA,"LIBERTARIAN"
1980,"ALASKA","AK",2,94,81,"US PRESIDENT","ANDERSON, JOHN B.","INDEPENDENT",FALSE,11155,158445,20210113,NA,"OTHER"
1980,"ALASKA","AK",2,94,81,"US PRESIDENT","","",TRUE,857,158445,20210113,NA,"OTHER"
1980,"ARIZONA","AZ",4,86,61,"US PRESIDENT","REAGAN, RONALD","REPUBLICAN",FALSE,529688,873945,20210113,NA,"REPUBLICAN"
1980,"ARIZONA","AZ",4,86,61,"US PRESIDENT","CARTER, JIMMY","DEMOCRAT",FALSE,246843,873945,20210113,NA,"DEMOCRAT"
1980,"ARIZONA","AZ",4,86,61,"US PRESIDENT","ANDERSON, JOHN B.","INDEPENDENT",FALSE,76952,873945,20210113,NA,"OTHER"
1980,"ARIZONA","AZ",4,86,61,"US PRESIDENT","CLARK, EDWARD """"ED""""","LIBERTARIAN",FALSE,18784,873945,20210113,NA,"LIBERTARIAN"
1980,"ARIZONA","AZ",4,86,61,"US PRESIDENT","DEBERRY, CLIFTON","SOCIALIST WORKERS",FALSE,1100,873945,20210113,NA,"OTHER"
1980,"ARIZONA","AZ",4,86,61,"US PRESIDENT","COMMONER, BARRY","CITIZENS",FALSE,551,873945,20210113,NA,"OTHER"
1980,"ARIZONA","AZ",4,86,61,"US PRESIDENT","HALL, GUS","COMMUNIST PARTY USE",FALSE,25,873945,20210113,NA,"OTHER"
1980,"ARIZONA","AZ",4,86,61,"US PRESIDENT","GRISWOLD, DEIRDRE","WORKERS WORLD",FALSE,2,873945,20210113,NA,"OTHER"
1980,"ARKANSAS","AR",5,71,42,"US PRESIDENT","REAGAN, RONALD","REPUBLICAN",FALSE,403164,837582,20210113,NA,"REPUBLICAN"
1980,"ARKANSAS","AR",5,71,42,"US PRESIDENT","CARTER, JIMMY","DEMOCRAT",FALSE,398041,837582,20210113,NA,"DEMOCRAT"
1980,"ARKANSAS","AR",5,71,42,"US PRESIDENT","ANDERSON, JOHN B.","INDEPENDENT",FALSE,22468,837582,20210113,NA,"OTHER"
1980,"ARKANSAS","AR",5,71,42,"US PRESIDENT","CLARK, EDWARD """"ED""""","LIBERTARIAN",FALSE,8970,837582,20210113,NA,"LIBERTARIAN"
1980,"ARKANSAS","AR",5,71,42,"US PRESIDENT","COMMONER, BARRY","CITIZENS",FALSE,2345,837582,20210113,NA,"OTHER"
1980,"ARKANSAS","AR",5,71,42,"US PRESIDENT","BUBAR, BENJAMIN """"BEN""""","STATESMAN",FALSE,1350,837582,20210113,NA,"OTHER"
1980,"ARKANSAS","AR",5,71,42,"US PRESIDENT","HALL, GUS","COMMUNIST PARTY USE",FALSE,1244,837582,20210113,NA,"OTHER"
1980,"CALIFORNIA","CA",6,93,71,"US PRESIDENT","REAGAN, RONALD","REPUBLICAN",FALSE,4522994,8582938,20210113,NA,"REPUBLICAN"
1980,"CALIFORNIA","CA",6,93,71,"US PRESIDENT","CARTER, JIMMY","DEMOCRAT",FALSE,3082943,8582938,20210113,NA,"DEMOCRAT"
1980,"CALIFORNIA","CA",6,93,71,"US PRESIDENT","ANDERSON, JOHN B.","INDEPENDENT",FALSE,739618,8582938,20210113,NA,"OTHER"
1980,"CALIFORNIA","CA",6,93,71,"US PRESIDENT","CLARK, EDWARD """"ED""""","LIBERTARIAN",FALSE,148390,8582938,20210113,NA,"LIBERTARIAN"
1980,"CALIFORNIA","CA",6,93,71,"US PRESIDENT","COMMONER, BARRY","CITIZENS",FALSE,61046,8582938,20210113,NA,"OTHER"
1980,"CALIFORNIA","CA",6,93,71,"US PRESIDENT","SMITH, MAUREEN","PEACE & FREEDOM",FALSE,18106,8582938,20210113,NA,"OTHER"
1980,"CALIFORNIA","CA",6,93,71,"US PRESIDENT","RARICK, JOHN","AMERICAN INDEPENDENT PARTY",FALSE,9841,8582938,20210113,NA,"OTHER"
1980,"COLORADO","CO",8,84,62,"US PRESIDENT","REAGAN, RONALD","REPUBLICAN",FALSE,652264,1184450,20210113,NA,"REPUBLICAN"
1980,"COLORADO","CO",8,84,62,"US PRESIDENT","CARTER, JIMMY","DEMOCRAT",FALSE,368009,1184450,20210113,NA,"DEMOCRAT"
1980,"COLORADO","CO",8,84,62,"US PRESIDENT","ANDERSON, JOHN B.","NATIONAL UNITY CAMPAIGN",FALSE,130633,1184450,20210113,NA,"OTHER"
1980,"COLORADO","CO",8,84,62,"US PRESIDENT","CLARK, EDWARD """"ED""""","LIBERTARIAN",FALSE,25744,1184450,20210113,NA,"LIBERTARIAN"
1980,"COLORADO","CO",8,84,62,"US PRESIDENT","COMMONER, BARRY","CITIZENS",FALSE,5614,1184450,20210113,NA,"OTHER"
1980,"COLORADO","CO",8,84,62,"US PRESIDENT","BUBAR, BENJAMIN """"BEN""""","STATESMAN",FALSE,1180,1184450,20210113,NA,"OTHER"
1980,"COLORADO","CO",8,84,62,"US PRESIDENT","PULLEY, ANDREW","SOCIALIST WORKERS",FALSE,519,1184450,20210113,NA,"OTHER"
1980,"COLORADO","CO",8,84,62,"US PRESIDENT","HALL, GUS","COMMUNIST PARTY USE",FALSE,487,1184450,20210113,NA,"OTHER"
1980,"CONNECTICUT","CT",9,16,1,"US PRESIDENT","REAGAN, RONALD","REPUBLICAN",FALSE,677210,1406285,20210113,NA,"REPUBLICAN"
1980,"CONNECTICUT","CT",9,16,1,"US PRESIDENT","CARTER, JIMMY","DEMOCRAT",FALSE,541732,1406285,20210113,NA,"DEMOCRAT"
1980,"CONNECTICUT","CT",9,16,1,"US PRESIDENT","ANDERSON, JOHN B.","ANDERSON COALITION",FALSE,171807,1406285,20210113,NA,"OTHER"
1980,"CONNECTICUT","CT",9,16,1,"US PRESIDENT","CLARK, EDWARD """"ED""""","LIBERTARIAN",FALSE,8570,1406285,20210113,NA,"LIBERTARIAN"
1980,"CONNECTICUT","CT",9,16,1,"US PRESIDENT","COMMONER, BARRY","CITIZENS",FALSE,6130,1406285,20210113,NA,"OTHER"
1980,"CONNECTICUT","CT",9,16,1,"US PRESIDENT","","",TRUE,836,1406285,20210113,NA,"OTHER"
1980,"DELAWARE","DE",10,51,11,"US PRESIDENT","REAGAN, RONALD","REPUBLICAN",FALSE,111252,235668,20210113,NA,"REPUBLICAN"
1980,"DELAWARE","DE",10,51,11,"US PRESIDENT","CARTER, JIMMY","DEMOCRAT",FALSE,105754,235668,20210113,NA,"DEMOCRAT"
1980,"DELAWARE","DE",10,51,11,"US PRESIDENT","ANDERSON, JOHN B.","INDEPENDENT",FALSE,16288,235668,20210113,NA,"OTHER"
1980,"DELAWARE","DE",10,51,11,"US PRESIDENT","CLARK, EDWARD """"ED""""","LIBERTARIAN",FALSE,1974,235668,20210113,NA,"LIBERTARIAN"
1980,"DELAWARE","DE",10,51,11,"US PRESIDENT","GREAVES, PERCY L, JR.","AMERICAN",FALSE,400,235668,20210113,NA,"OTHER"
1980,"DISTRICT OF COLUMBIA","DC",11,53,55,"US PRESIDENT","CARTER, JIMMY","DEMOCRAT",FALSE,130231,173889,20210113,NA,"DEMOCRAT"
1980,"DISTRICT OF COLUMBIA","DC",11,53,55,"US PRESIDENT","REAGAN, RONALD","REPUBLICAN",FALSE,23313,173889,20210113,NA,"REPUBLICAN"
1980,"DISTRICT OF COLUMBIA","DC",11,53,55,"US PRESIDENT","ANDERSON, JOHN B.","INDEPENDENT",FALSE,16131,173889,20210113,NA,"OTHER"
1980,"DISTRICT OF COLUMBIA","DC",11,53,55,"US PRESIDENT","COMMONER, BARRY","CITIZENS",FALSE,1826,173889,20210113,NA,"OTHER"
1980,"DISTRICT OF COLUMBIA","DC",11,53,55,"US PRESIDENT","CLARK, EDWARD """"ED""""","LIBERTARIAN",FALSE,1104,173889,20210113,NA,"LIBERTARIAN"
1980,"DISTRICT OF COLUMBIA","DC",11,53,55,"US PRESIDENT","","",TRUE,690,173889,20210113,NA,"OTHER"
1980,"DISTRICT OF COLUMBIA","DC",11,53,55,"US PRESIDENT","HALL, GUS","COMMUNIST PARTY USE",FALSE,369,173889,20210113,NA,"OTHER"
1980,"DISTRICT OF COLUMBIA","DC",11,53,55,"US PRESIDENT","DEBERRY, CLIFTON","SOCIALIST WORKERS",FALSE,173,173889,20210113,NA,"OTHER"
1980,"DISTRICT OF COLUMBIA","DC",11,53,55,"US PRESIDENT","GRISWOLD, DEIRDRE","WORKERS WORLD",FALSE,52,173889,20210113,NA,"OTHER"
1980,"FLORIDA","FL",12,59,43,"US PRESIDENT","REAGAN, RONALD","REPUBLICAN",FALSE,2046951,3686927,20210113,NA,"REPUBLICAN"
1980,"FLORIDA","FL",12,59,43,"US PRESIDENT","CARTER, JIMMY","DEMOCRAT",FALSE,1419475,3686927,20210113,NA,"DEMOCRAT"
1980,"FLORIDA","FL",12,59,43,"US PRESIDENT","ANDERSON, JOHN B.","INDEPENDENT",FALSE,189692,3686927,20210113,NA,"OTHER"
1980,"FLORIDA","FL",12,59,43,"US PRESIDENT","CLARK, EDWARD """"ED""""","LIBERTARIAN",FALSE,30524,3686927,20210113,NA,"LIBERTARIAN"
1980,"FLORIDA","FL",12,59,43,"US PRESIDENT","","",TRUE,285,3686927,20210113,NA,"OTHER"
1980,"GEORGIA","GA",13,58,44,"US PRESIDENT","CARTER, JIMMY","DEMOCRAT",FALSE,890955,1596805,20210113,NA,"DEMOCRAT"
1980,"GEORGIA","GA",13,58,44,"US PRESIDENT","REAGAN, RONALD","REPUBLICAN",FALSE,654168,1596805,20210113,NA,"REPUBLICAN"
1980,"GEORGIA","GA",13,58,44,"US PRESIDENT","ANDERSON, JOHN B.","INDEPENDENT",FALSE,36055,1596805,20210113,NA,"OTHER"
1980,"GEORGIA","GA",13,58,44,"US PRESIDENT","CLARK, EDWARD """"ED""""","LIBERTARIAN",FALSE,15627,1596805,20210113,NA,"LIBERTARIAN"
1980,"HAWAII","HI",15,95,82,"US PRESIDENT","CARTER, JIMMY","DEMOCRAT",FALSE,135879,303287,20210113,NA,"DEMOCRAT"
1980,"HAWAII","HI",15,95,82,"US PRESIDENT","REAGAN, RONALD","REPUBLICAN",FALSE,130112,303287,20210113,NA,"REPUBLICAN"
1980,"HAWAII","HI",15,95,82,"US PRESIDENT","ANDERSON, JOHN B.","INDEPENDENT",FALSE,32021,303287,20210113,NA,"OTHER"
1980,"HAWAII","HI",15,95,82,"US PRESIDENT","CLARK, EDWARD """"ED""""","LIBERTARIAN",FALSE,3269,303287,20210113,NA,"LIBERTARIAN"
1980,"HAWAII","HI",15,95,82,"US PRESIDENT","COMMONER, BARRY","CITIZENS",FALSE,1548,303287,20210113,NA,"OTHER"
1980,"HAWAII","HI",15,95,82,"US PRESIDENT","HALL, GUS","COMMUNIST PARTY USE",FALSE,458,303287,20210113,NA,"OTHER"
1980,"IDAHO","ID",16,82,63,"US PRESIDENT","REAGAN, RONALD","REPUBLICAN",FALSE,290699,437431,20210113,NA,"REPUBLICAN"
1980,"IDAHO","ID",16,82,63,"US PRESIDENT","CARTER, JIMMY","DEMOCRAT",FALSE,110192,437431,20210113,NA,"DEMOCRAT"
1980,"IDAHO","ID",16,82,63,"US PRESIDENT","ANDERSON, JOHN B.","INDEPENDENT",FALSE,27058,437431,20210113,NA,"OTHER"
1980,"IDAHO","ID",16,82,63,"US PRESIDENT","CLARK, EDWARD """"ED""""","LIBERTARIAN",FALSE,8425,437431,20210113,NA,"LIBERTARIAN"
1980,"IDAHO","ID",16,82,63,"US PRESIDENT","RARICK, JOHN","AMERICAN INDEPENDENT PARTY",FALSE,1057,437431,20210113,NA,"OTHER"
1980,"ILLINOIS","IL",17,33,21,"US PRESIDENT","REAGAN, RONALD","REPUBLICAN",FALSE,2358049,4749721,20210113,NA,"REPUBLICAN"
1980,"ILLINOIS","IL",17,33,21,"US PRESIDENT","CARTER, JIMMY","DEMOCRAT",FALSE,1981413,4749721,20210113,NA,"DEMOCRAT"
1980,"ILLINOIS","IL",17,33,21,"US PRESIDENT","ANDERSON, JOHN B.","INDEPENDENT",FALSE,346754,4749721,20210113,NA,"OTHER"
1980,"ILLINOIS","IL",17,33,21,"US PRESIDENT","CLARK, EDWARD """"ED""""","LIBERTARIAN",FALSE,38939,4749721,20210113,NA,"LIBERTARIAN"
1980,"ILLINOIS","IL",17,33,21,"US PRESIDENT","COMMONER, BARRY","CITIZENS",FALSE,10692,4749721,20210113,NA,"OTHER"
1980,"ILLINOIS","IL",17,33,21,"US PRESIDENT","HALL, GUS","COMMUNIST PARTY USE",FALSE,9711,4749721,20210113,NA,"OTHER"
1980,"ILLINOIS","IL",17,33,21,"US PRESIDENT","GRISWOLD, DEIRDRE","WORKERS WORLD",FALSE,2257,4749721,20210113,NA,"OTHER"
1980,"ILLINOIS","IL",17,33,21,"US PRESIDENT","DEBERRY, CLIFTON","SOCIALIST WORKERS",FALSE,1302,4749721,20210113,NA,"OTHER"
1980,"ILLINOIS","IL",17,33,21,"US PRESIDENT","","",TRUE,604,4749721,20210113,NA,"OTHER"
1980,"INDIANA","IN",18,32,22,"US PRESIDENT","REAGAN, RONALD","REPUBLICAN",FALSE,1255656,2242033,20210113,NA,"REPUBLICAN"
1980,"INDIANA","IN",18,32,22,"US PRESIDENT","CARTER, JIMMY","DEMOCRAT",FALSE,844197,2242033,20210113,NA,"DEMOCRAT"
1980,"INDIANA","IN",18,32,22,"US PRESIDENT","ANDERSON, JOHN B.","INDEPENDENT",FALSE,111639,2242033,20210113,NA,"OTHER"
1980,"INDIANA","IN",18,32,22,"US PRESIDENT","CLARK, EDWARD """"ED""""","LIBERTARIAN",FALSE,19627,2242033,20210113,NA,"LIBERTARIAN"
1980,"INDIANA","IN",18,32,22,"US PRESIDENT","COMMONER, BARRY","CITIZENS",FALSE,4852,2242033,20210113,NA,"OTHER"
1980,"INDIANA","IN",18,32,22,"US PRESIDENT","GREAVES, PERCY L, JR.","AMERICAN",FALSE,4750,2242033,20210113,NA,"OTHER"
1980,"INDIANA","IN",18,32,22,"US PRESIDENT","HALL, GUS","COMMUNIST PARTY USE",FALSE,702,2242033,20210113,NA,"OTHER"
1980,"INDIANA","IN",18,32,22,"US PRESIDENT","DEBERRY, CLIFTON","SOCIALIST WORKERS",FALSE,610,2242033,20210113,NA,"OTHER"
1980,"IOWA","IA",19,42,31,"US PRESIDENT","REAGAN, RONALD","REPUBLICAN",FALSE,676026,1317661,20210113,NA,"REPUBLICAN"
1980,"IOWA","IA",19,42,31,"US PRESIDENT","CARTER, JIMMY","DEMOCRAT",FALSE,508672,1317661,20210113,NA,"DEMOCRAT"
1980,"IOWA","IA",19,42,31,"US PRESIDENT","ANDERSON, JOHN B.","NOMINATED BY PETITION",FALSE,115633,1317661,20210113,NA,"OTHER"
1980,"IOWA","IA",19,42,31,"US PRESIDENT","CLARK, EDWARD """"ED""""","LIBERTARIAN",FALSE,13123,1317661,20210113,NA,"LIBERTARIAN"
1980,"IOWA","IA",19,42,31,"US PRESIDENT","COMMONER, BARRY","CITIZENS",FALSE,2273,1317661,20210113,NA,"OTHER"
1980,"IOWA","IA",19,42,31,"US PRESIDENT","MCREYNOLDS, DAVID","SOCIALIST",FALSE,534,1317661,20210113,NA,"OTHER"
1980,"IOWA","IA",19,42,31,"US PRESIDENT","","",TRUE,519,1317661,20210113,NA,"OTHER"
1980,"IOWA","IA",19,42,31,"US PRESIDENT","HALL, GUS","COMMUNIST PARTY USE",FALSE,298,1317661,20210113,NA,"OTHER"
1980,"IOWA","IA",19,42,31,"US PRESIDENT","DEBERRY, CLIFTON","SOCIALIST WORKERS",FALSE,244,1317661,20210113,NA,"OTHER"
1980,"IOWA","IA",19,42,31,"US PRESIDENT","GREAVES, PERCY L, JR.","AMERICAN",FALSE,189,1317661,20210113,NA,"OTHER"
1980,"IOWA","IA",19,42,31,"US PRESIDENT","BUBAR, BENJAMIN """"BEN""""","STATESMAN",FALSE,150,1317661,20210113,NA,"OTHER"
1980,"KANSAS","KS",20,47,32,"US PRESIDENT","REAGAN, RONALD","REPUBLICAN",FALSE,566812,979795,20210113,NA,"REPUBLICAN"
1980,"KANSAS","KS",20,47,32,"US PRESIDENT","CARTER, JIMMY","DEMOCRAT",FALSE,326150,979795,20210113,NA,"DEMOCRAT"
1980,"KANSAS","KS",20,47,32,"US PRESIDENT","ANDERSON, JOHN B.","INDEPENDENT",FALSE,68231,979795,20210113,NA,"OTHER"
1980,"KANSAS","KS",20,47,32,"US PRESIDENT","CLARK, EDWARD """"ED""""","LIBERTARIAN",FALSE,14470,979795,20210113,NA,"LIBERTARIAN"
1980,"KANSAS","KS",20,47,32,"US PRESIDENT","SHELTON, FRANK, JR.","AMERICAN",FALSE,1555,979795,20210113,NA,"OTHER"
1980,"KANSAS","KS",20,47,32,"US PRESIDENT","HALL, GUS","COMMUNIST PARTY USE",FALSE,967,979795,20210113,NA,"OTHER"
1980,"KANSAS","KS",20,47,32,"US PRESIDENT","BUBAR, BENJAMIN """"BEN""""","STATESMAN",FALSE,821,979795,20210113,NA,"OTHER"
1980,"KANSAS","KS",20,47,32,"US PRESIDENT","RARICK, JOHN","AMERICAN INDEPENDENT PARTY",FALSE,789,979795,20210113,NA,"OTHER"
1980,"KENTUCKY","KY",21,61,51,"US PRESIDENT","REAGAN, RONALD","REPUBLICAN",FALSE,635274,1295627,20210113,NA,"REPUBLICAN"
1980,"KENTUCKY","KY",21,61,51,"US PRESIDENT","CARTER, JIMMY","DEMOCRAT",FALSE,617417,1295627,20210113,NA,"DEMOCRAT"
1980,"KENTUCKY","KY",21,61,51,"US PRESIDENT","ANDERSON, JOHN B.","INDEPENDENT",FALSE,31127,1295627,20210113,NA,"OTHER"
1980,"KENTUCKY","KY",21,61,51,"US PRESIDENT","CLARK, EDWARD """"ED""""","LIBERTARIAN",FALSE,5531,1295627,20210113,NA,"LIBERTARIAN"
1980,"KENTUCKY","KY",21,61,51,"US PRESIDENT","MCCORMACK, ELLEN","RESPECT FOR LIFE",FALSE,4233,1295627,20210113,NA,"OTHER"
1980,"KENTUCKY","KY",21,61,51,"US PRESIDENT","COMMONER, BARRY","CITIZENS",FALSE,1304,1295627,20210113,NA,"OTHER"
1980,"KENTUCKY","KY",21,61,51,"US PRESIDENT","PULLEY, ANDREW","SOCIALIST WORKERS",FALSE,393,1295627,20210113,NA,"OTHER"
1980,"KENTUCKY","KY",21,61,51,"US PRESIDENT","HALL, GUS","COMMUNIST PARTY USE",FALSE,348,1295627,20210113,NA,"OTHER"
1980,"LOUISIANA","LA",22,72,45,"US PRESIDENT","REAGAN, RONALD","REPUBLICAN",FALSE,792853,1548591,20210113,NA,"REPUBLICAN"
1980,"LOUISIANA","LA",22,72,45,"US PRESIDENT","CARTER, JIMMY","DEMOCRAT",FALSE,708453,1548591,20210113,NA,"DEMOCRAT"
1980,"LOUISIANA","LA",22,72,45,"US PRESIDENT","ANDERSON, JOHN B.","INDEPENDENT",FALSE,26345,1548591,20210113,NA,"OTHER"
1980,"LOUISIANA","LA",22,72,45,"US PRESIDENT","RARICK, JOHN","AMERICAN INDEPENDENT PARTY",FALSE,10333,1548591,20210113,NA,"OTHER"
1980,"LOUISIANA","LA",22,72,45,"US PRESIDENT","CLARK, EDWARD """"ED""""","LIBERTARIAN",FALSE,8240,1548591,20210113,NA,"LIBERTARIAN"
1980,"LOUISIANA","LA",22,72,45,"US PRESIDENT","COMMONER, BARRY","CITIZENS",FALSE,1584,1548591,20210113,NA,"OTHER"
1980,"LOUISIANA","LA",22,72,45,"US PRESIDENT","DEBERRY, CLIFTON","SOCIALIST WORKERS",FALSE,783,1548591,20210113,NA,"OTHER"
1980,"MAINE","ME",23,11,2,"US PRESIDENT","REAGAN, RONALD","REPUBLICAN",FALSE,238522,523011,20210113,NA,"REPUBLICAN"
1980,"MAINE","ME",23,11,2,"US PRESIDENT","CARTER, JIMMY","DEMOCRAT",FALSE,220974,523011,20210113,NA,"DEMOCRAT"
1980,"MAINE","ME",23,11,2,"US PRESIDENT","ANDERSON, JOHN B.","INDEPENDENT",FALSE,53327,523011,20210113,NA,"OTHER"
1980,"MAINE","ME",23,11,2,"US PRESIDENT","CLARK, EDWARD """"ED""""","LIBERTARIAN",FALSE,5119,523011,20210113,NA,"LIBERTARIAN"
1980,"MAINE","ME",23,11,2,"US PRESIDENT","COMMONER, BARRY","CITIZENS",FALSE,4394,523011,20210113,NA,"OTHER"
1980,"MAINE","ME",23,11,2,"US PRESIDENT","HALL, GUS","COMMUNIST PARTY USE",FALSE,591,523011,20210113,NA,"OTHER"
1980,"MAINE","ME",23,11,2,"US PRESIDENT","","",TRUE,84,523011,20210113,NA,"OTHER"
1980,"MARYLAND","MD",24,52,52,"US PRESIDENT","CARTER, JIMMY","DEMOCRAT",FALSE,726161,1540496,20210113,NA,"DEMOCRAT"
1980,"MARYLAND","MD",24,52,52,"US PRESIDENT","REAGAN, RONALD","REPUBLICAN",FALSE,680606,1540496,20210113,NA,"REPUBLICAN"
1980,"MARYLAND","MD",24,52,52,"US PRESIDENT","ANDERSON, JOHN B.","INDEPENDENT",FALSE,119537,1540496,20210113,NA,"OTHER"
1980,"MARYLAND","MD",24,52,52,"US PRESIDENT","CLARK, EDWARD """"ED""""","LIBERTARIAN",FALSE,14192,1540496,20210113,NA,"LIBERTARIAN"
1980,"MASSACHUSETTS","MA",25,14,3,"US PRESIDENT","REAGAN, RONALD","REPUBLICAN",FALSE,1057631,2524090,20210113,NA,"REPUBLICAN"
1980,"MASSACHUSETTS","MA",25,14,3,"US PRESIDENT","CARTER, JIMMY","DEMOCRAT",FALSE,1053802,2524090,20210113,NA,"DEMOCRAT"
1980,"MASSACHUSETTS","MA",25,14,3,"US PRESIDENT","ANDERSON, JOHN B.","INDEPENDENT",FALSE,382539,2524090,20210113,NA,"OTHER"
1980,"MASSACHUSETTS","MA",25,14,3,"US PRESIDENT","CLARK, EDWARD """"ED""""","LIBERTARIAN",FALSE,22038,2524090,20210113,NA,"LIBERTARIAN"
1980,"MASSACHUSETTS","MA",25,14,3,"US PRESIDENT","DEBERRY, CLIFTON","SOCIALIST WORKERS",FALSE,3735,2524090,20210113,NA,"OTHER"
1980,"MASSACHUSETTS","MA",25,14,3,"US PRESIDENT","","",TRUE,2289,2524090,20210113,NA,"OTHER"
1980,"MASSACHUSETTS","MA",25,14,3,"US PRESIDENT","COMMONER, BARRY","CITIZENS",FALSE,2056,2524090,20210113,NA,"OTHER"
1980,"MICHIGAN","MI",26,34,23,"US PRESIDENT","REAGAN, RONALD","REPUBLICAN",FALSE,1915225,3909725,20210113,NA,"REPUBLICAN"
1980,"MICHIGAN","MI",26,34,23,"US PRESIDENT","CARTER, JIMMY","DEMOCRAT",FALSE,1661532,3909725,20210113,NA,"DEMOCRAT"
1980,"MICHIGAN","MI",26,34,23,"US PRESIDENT","ANDERSON, JOHN B.","INDEPENDENT",FALSE,275223,3909725,20210113,NA,"OTHER"
1980,"MICHIGAN","MI",26,34,23,"US PRESIDENT","CLARK, EDWARD """"ED""""","LIBERTARIAN",FALSE,41597,3909725,20210113,NA,"LIBERTARIAN"
1980,"MICHIGAN","MI",26,34,23,"US PRESIDENT","COMMONER, BARRY","CITIZENS",FALSE,11930,3909725,20210113,NA,"OTHER"
1980,"MICHIGAN","MI",26,34,23,"US PRESIDENT","HALL, GUS","COMMUNIST PARTY USE",FALSE,3262,3909725,20210113,NA,"OTHER"
1980,"MICHIGAN","MI",26,34,23,"US PRESIDENT","","",TRUE,956,3909725,20210113,NA,"OTHER"
1980,"MINNESOTA","MN",27,41,33,"US PRESIDENT","CARTER, JIMMY","DEMOCRAT",FALSE,954173,2051916,20210113,NA,"DEMOCRAT"
1980,"MINNESOTA","MN",27,41,33,"US PRESIDENT","REAGAN, RONALD","REPUBLICAN",FALSE,873268,2051916,20210113,NA,"REPUBLICAN"
1980,"MINNESOTA","MN",27,41,33,"US PRESIDENT","ANDERSON, JOHN B.","INDEPENDENT",FALSE,174997,2051916,20210113,NA,"OTHER"
1980,"MINNESOTA","MN",27,41,33,"US PRESIDENT","CLARK, EDWARD """"ED""""","LIBERTARIAN",FALSE,31593,2051916,20210113,NA,"LIBERTARIAN"
1980,"MINNESOTA","MN",27,41,33,"US PRESIDENT","COMMONER, BARRY","CITIZENS",FALSE,8406,2051916,20210113,NA,"OTHER"
1980,"MINNESOTA","MN",27,41,33,"US PRESIDENT","","AMERICAN",FALSE,6136,2051916,20210113,NA,"OTHER"
1980,"MINNESOTA","MN",27,41,33,"US PRESIDENT","HALL, GUS","COMMUNIST PARTY USE",FALSE,1117,2051916,20210113,NA,"OTHER"
1980,"MINNESOTA","MN",27,41,33,"US PRESIDENT","DEBERRY, CLIFTON","SOCIALIST WORKERS",FALSE,711,2051916,20210113,NA,"OTHER"
1980,"MINNESOTA","MN",27,41,33,"US PRESIDENT","GRISWOLD, DEIRDRE","WORKERS WORLD",FALSE,698,2051916,20210113,NA,"OTHER"
1980,"MINNESOTA","MN",27,41,33,"US PRESIDENT","MCREYNOLDS, DAVID","SOCIALIST",FALSE,536,2051916,20210113,NA,"OTHER"
1980,"MINNESOTA","MN",27,41,33,"US PRESIDENT","","",TRUE,281,2051916,20210113,NA,"OTHER"
1980,"MISSISSIPPI","MS",28,64,46,"US PRESIDENT","REAGAN, RONALD","REPUBLICAN",FALSE,441089,891750,20210113,NA,"REPUBLICAN"
1980,"MISSISSIPPI","MS",28,64,46,"US PRESIDENT","CARTER, JIMMY","DEMOCRAT",FALSE,429281,891750,20210113,NA,"DEMOCRAT"
1980,"MISSISSIPPI","MS",28,64,46,"US PRESIDENT","ANDERSON, JOHN B.","INDEPENDENT",FALSE,12036,891750,20210113,NA,"OTHER"
1980,"MISSISSIPPI","MS",28,64,46,"US PRESIDENT","CLARK, EDWARD """"ED""""","LIBERTARIAN",FALSE,4702,891750,20210113,NA,"LIBERTARIAN"
1980,"MISSISSIPPI","MS",28,64,46,"US PRESIDENT","GRISWOLD, DEIRDRE","WORKERS WORLD",FALSE,2402,891750,20210113,NA,"OTHER"
1980,"MISSISSIPPI","MS",28,64,46,"US PRESIDENT","PULLEY, ANDREW","SOCIALIST WORKERS",FALSE,2240,891750,20210113,NA,"OTHER"
1980,"MISSOURI","MO",29,43,34,"US PRESIDENT","REAGAN, RONALD","REPUBLICAN",FALSE,1074181,2099824,20210113,NA,"REPUBLICAN"
1980,"MISSOURI","MO",29,43,34,"US PRESIDENT","CARTER, JIMMY","DEMOCRAT",FALSE,931182,2099824,20210113,NA,"DEMOCRAT"
1980,"MISSOURI","MO",29,43,34,"US PRESIDENT","ANDERSON, JOHN B.","INDEPENDENT",FALSE,77920,2099824,20210113,NA,"OTHER"
1980,"MISSOURI","MO",29,43,34,"US PRESIDENT","CLARK, EDWARD """"ED""""","LIBERTARIAN",FALSE,14422,2099824,20210113,NA,"LIBERTARIAN"
1980,"MISSOURI","MO",29,43,34,"US PRESIDENT","DEBERRY, CLIFTON","SOCIALIST WORKERS",FALSE,1515,2099824,20210113,NA,"OTHER"
1980,"MISSOURI","MO",29,43,34,"US PRESIDENT","","",TRUE,604,2099824,20210113,NA,"OTHER"
1980,"MONTANA","MT",30,81,64,"US PRESIDENT","REAGAN, RONALD","REPUBLICAN",FALSE,206814,363952,20210113,NA,"REPUBLICAN"
1980,"MONTANA","MT",30,81,64,"US PRESIDENT","CARTER, JIMMY","DEMOCRAT",FALSE,118032,363952,20210113,NA,"DEMOCRAT"
1980,"MONTANA","MT",30,81,64,"US PRESIDENT","ANDERSON, JOHN B.","INDEPENDENT",FALSE,29281,363952,20210113,NA,"OTHER"
1980,"MONTANA","MT",30,81,64,"US PRESIDENT","CLARK, EDWARD """"ED""""","LIBERTARIAN",FALSE,9825,363952,20210113,NA,"LIBERTARIAN"
1980,"NEBRASKA","NE",31,46,35,"US PRESIDENT","REAGAN, RONALD","REPUBLICAN",FALSE,419214,639533,20210113,NA,"REPUBLICAN"
1980,"NEBRASKA","NE",31,46,35,"US PRESIDENT","CARTER, JIMMY","DEMOCRAT",FALSE,166424,639533,20210113,NA,"DEMOCRAT"
1980,"NEBRASKA","NE",31,46,35,"US PRESIDENT","ANDERSON, JOHN B.","INDEPENDENT",FALSE,44854,639533,20210113,NA,"OTHER"
1980,"NEBRASKA","NE",31,46,35,"US PRESIDENT","CLARK, EDWARD """"ED""""","LIBERTARIAN",FALSE,9041,639533,20210113,NA,"LIBERTARIAN"
1980,"NEVADA","NV",32,88,65,"US PRESIDENT","REAGAN, RONALD","REPUBLICAN",FALSE,155017,243692,20210113,NA,"REPUBLICAN"
1980,"NEVADA","NV",32,88,65,"US PRESIDENT","CARTER, JIMMY","DEMOCRAT",FALSE,66666,243692,20210113,NA,"DEMOCRAT"
1980,"NEVADA","NV",32,88,65,"US PRESIDENT","ANDERSON, JOHN B.","INDEPENDENT",FALSE,17651,243692,20210113,NA,"OTHER"
1980,"NEVADA","NV",32,88,65,"US PRESIDENT","CLARK, EDWARD """"ED""""","LIBERTARIAN",FALSE,4358,243692,20210113,NA,"LIBERTARIAN"
1980,"NEW HAMPSHIRE","NH",33,12,4,"US PRESIDENT","REAGAN, RONALD","REPUBLICAN",FALSE,221705,383990,20210113,NA,"REPUBLICAN"
1980,"NEW HAMPSHIRE","NH",33,12,4,"US PRESIDENT","CARTER, JIMMY","DEMOCRAT",FALSE,108864,383990,20210113,NA,"DEMOCRAT"
1980,"NEW HAMPSHIRE","NH",33,12,4,"US PRESIDENT","ANDERSON, JOHN B.","INDEPENDENT",FALSE,49693,383990,20210113,NA,"OTHER"
1980,"NEW HAMPSHIRE","NH",33,12,4,"US PRESIDENT","CLARK, EDWARD """"ED""""","LIBERTARIAN",FALSE,2064,383990,20210113,NA,"LIBERTARIAN"
1980,"NEW HAMPSHIRE","NH",33,12,4,"US PRESIDENT","COMMONER, BARRY","CITIZENS",FALSE,1320,383990,20210113,NA,"OTHER"
1980,"NEW HAMPSHIRE","NH",33,12,4,"US PRESIDENT","HALL, GUS","COMMUNIST PARTY USE",FALSE,129,383990,20210113,NA,"OTHER"
1980,"NEW HAMPSHIRE","NH",33,12,4,"US PRESIDENT","GRISWOLD, DEIRDRE","WORKERS WORLD",FALSE,76,383990,20210113,NA,"OTHER"
1980,"NEW HAMPSHIRE","NH",33,12,4,"US PRESIDENT","DEBERRY, CLIFTON","SOCIALIST WORKERS",FALSE,71,383990,20210113,NA,"OTHER"
1980,"NEW HAMPSHIRE","NH",33,12,4,"US PRESIDENT","","",TRUE,68,383990,20210113,NA,"OTHER"
1980,"NEW JERSEY","NJ",34,22,12,"US PRESIDENT","REAGAN, RONALD","REPUBLICAN",FALSE,1546557,2975684,20210113,NA,"REPUBLICAN"
1980,"NEW JERSEY","NJ",34,22,12,"US PRESIDENT","CARTER, JIMMY","DEMOCRAT",FALSE,1147364,2975684,20210113,NA,"DEMOCRAT"
1980,"NEW JERSEY","NJ",34,22,12,"US PRESIDENT","ANDERSON, JOHN B.","INDEPENDENT",FALSE,234632,2975684,20210113,NA,"OTHER"
1980,"NEW JERSEY","NJ",34,22,12,"US PRESIDENT","CLARK, EDWARD """"ED""""","LIBERTARIAN",FALSE,20652,2975684,20210113,NA,"LIBERTARIAN"
1980,"NEW JERSEY","NJ",34,22,12,"US PRESIDENT","COMMONER, BARRY","CITIZENS",FALSE,8203,2975684,20210113,NA,"OTHER"
1980,"NEW JERSEY","NJ",34,22,12,"US PRESIDENT","MCCORMACK, ELLEN","RIGHT-TO-LIFE",FALSE,3927,2975684,20210113,NA,"OTHER"
1980,"NEW JERSEY","NJ",34,22,12,"US PRESIDENT","LYNEN, KURT","MIDDLE CLASS CANDIDATE",FALSE,3694,2975684,20210113,NA,"OTHER"
1980,"NEW JERSEY","NJ",34,22,12,"US PRESIDENT","HALL, GUS","COMMUNIST PARTY USE",FALSE,2555,2975684,20210113,NA,"OTHER"
1980,"NEW JERSEY","NJ",34,22,12,"US PRESIDENT","PULLEY, ANDREW","SOCIALIST WORKERS",FALSE,2198,2975684,20210113,NA,"OTHER"
1980,"NEW JERSEY","NJ",34,22,12,"US PRESIDENT","MCREYNOLDS, DAVID","SOCIALIST",FALSE,1973,2975684,20210113,NA,"OTHER"
1980,"NEW JERSEY","NJ",34,22,12,"US PRESIDENT","GAHRES, WILLIAM """"BILL""""","DOWN WITH LAWYERS",FALSE,1718,2975684,20210113,NA,"OTHER"
1980,"NEW JERSEY","NJ",34,22,12,"US PRESIDENT","GRISWOLD, DEIRDRE","WORKERS WORLD",FALSE,1288,2975684,20210113,NA,"OTHER"
1980,"NEW JERSEY","NJ",34,22,12,"US PRESIDENT","WENDELKEN, MARTIN E.","INDEPENDENT",FALSE,923,2975684,20210113,NA,"OTHER"
1980,"NEW MEXICO","NM",35,85,66,"US PRESIDENT","REAGAN, RONALD","REPUBLICAN",FALSE,250779,456237,20210113,NA,"REPUBLICAN"
1980,"NEW MEXICO","NM",35,85,66,"US PRESIDENT","CARTER, JIMMY","DEMOCRAT",FALSE,167826,456237,20210113,NA,"DEMOCRAT"
1980,"NEW MEXICO","NM",35,85,66,"US PRESIDENT","ANDERSON, JOHN B.","INDEPENDENT",FALSE,29459,456237,20210113,NA,"OTHER"
1980,"NEW MEXICO","NM",35,85,66,"US PRESIDENT","CLARK, EDWARD """"ED""""","LIBERTARIAN",FALSE,4365,456237,20210113,NA,"LIBERTARIAN"
1980,"NEW MEXICO","NM",35,85,66,"US PRESIDENT","COMMONER, BARRY","CITIZENS",FALSE,2202,456237,20210113,NA,"OTHER"
1980,"NEW MEXICO","NM",35,85,66,"US PRESIDENT","BUBAR, BENJAMIN """"BEN""""","STATESMAN",FALSE,1281,456237,20210113,NA,"OTHER"
1980,"NEW MEXICO","NM",35,85,66,"US PRESIDENT","PULLEY, ANDREW","SOCIALIST WORKERS",FALSE,325,456237,20210113,NA,"OTHER"
1980,"NEW YORK","NY",36,21,13,"US PRESIDENT","CARTER, JIMMY","DEMOCRAT",FALSE,2728372,6201959,20210113,NA,"DEMOCRAT"
1980,"NEW YORK","NY",36,21,13,"US PRESIDENT","REAGAN, RONALD","REPUBLICAN",FALSE,2637700,6201959,20210113,NA,"REPUBLICAN"
1980,"NEW YORK","NY",36,21,13,"US PRESIDENT","ANDERSON, JOHN B.","LIBERAL PARTY",FALSE,467801,6201959,20210113,NA,"OTHER"
1980,"NEW YORK","NY",36,21,13,"US PRESIDENT","REAGAN, RONALD","CONSERVATIVE",FALSE,256131,6201959,20210113,NA,"OTHER"
1980,"NEW YORK","NY",36,21,13,"US PRESIDENT","CLARK, EDWARD """"ED""""","FREE LIBERTARIAN",FALSE,52648,6201959,20210113,NA,"OTHER"
1980,"NEW YORK","NY",36,21,13,"US PRESIDENT","MCCORMACK, ELLEN","RIGHT-TO-LIFE",FALSE,24159,6201959,20210113,NA,"OTHER"
1980,"NEW YORK","NY",36,21,13,"US PRESIDENT","COMMONER, BARRY","CITIZENS",FALSE,23186,6201959,20210113,NA,"OTHER"
1980,"NEW YORK","NY",36,21,13,"US PRESIDENT","HALL, GUS","COMMUNIST PARTY USE",FALSE,7414,6201959,20210113,NA,"OTHER"
1980,"NEW YORK","NY",36,21,13,"US PRESIDENT","DEBERRY, CLIFTON","SOCIALIST WORKERS",FALSE,2068,6201959,20210113,NA,"OTHER"
1980,"NEW YORK","NY",36,21,13,"US PRESIDENT","GRISWOLD, DEIRDRE","WORKERS WORLD",FALSE,1416,6201959,20210113,NA,"OTHER"
1980,"NEW YORK","NY",36,21,13,"US PRESIDENT","","",TRUE,1064,6201959,20210113,NA,"OTHER"
1980,"NORTH CAROLINA","NC",37,56,47,"US PRESIDENT","REAGAN, RONALD","REPUBLICAN",FALSE,915018,1855833,20210113,NA,"REPUBLICAN"
1980,"NORTH CAROLINA","NC",37,56,47,"US PRESIDENT","CARTER, JIMMY","DEMOCRAT",FALSE,875635,1855833,20210113,NA,"DEMOCRAT"
1980,"NORTH CAROLINA","NC",37,56,47,"US PRESIDENT","ANDERSON, JOHN B.","INDEPENDENT",FALSE,52800,1855833,20210113,NA,"OTHER"
1980,"NORTH CAROLINA","NC",37,56,47,"US PRESIDENT","CLARK, EDWARD """"ED""""","LIBERTARIAN",FALSE,9677,1855833,20210113,NA,"LIBERTARIAN"
1980,"NORTH CAROLINA","NC",37,56,47,"US PRESIDENT","COMMONER, BARRY","CITIZENS",FALSE,2287,1855833,20210113,NA,"OTHER"
1980,"NORTH CAROLINA","NC",37,56,47,"US PRESIDENT","DEBERRY, CLIFTON","SOCIALIST WORKERS",FALSE,416,1855833,20210113,NA,"OTHER"
1980,"NORTH DAKOTA","ND",38,44,36,"US PRESIDENT","REAGAN, RONALD","REPUBLICAN",FALSE,193695,301116,20210113,NA,"REPUBLICAN"
1980,"NORTH DAKOTA","ND",38,44,36,"US PRESIDENT","CARTER, JIMMY","DEMOCRAT",FALSE,79189,301116,20210113,NA,"DEMOCRAT"
1980,"NORTH DAKOTA","ND",38,44,36,"US PRESIDENT","ANDERSON, JOHN B.","INDEPENDENT",FALSE,23640,301116,20210113,NA,"OTHER"
1980,"NORTH DAKOTA","ND",38,44,36,"US PRESIDENT","CLARK, EDWARD """"ED""""","LIBERTARIAN",FALSE,3743,301116,20210113,NA,"LIBERTARIAN"
1980,"NORTH DAKOTA","ND",38,44,36,"US PRESIDENT","MCLAIN, HARLEY","NATURAL PEOPLE'S LEAGUE",FALSE,296,301116,20210113,NA,"OTHER"
1980,"NORTH DAKOTA","ND",38,44,36,"US PRESIDENT","GREAVES, PERCY L, JR.","AMERICAN",FALSE,235,301116,20210113,NA,"OTHER"
1980,"NORTH DAKOTA","ND",38,44,36,"US PRESIDENT","HALL, GUS","COMMUNIST PARTY USE",FALSE,93,301116,20210113,NA,"OTHER"
1980,"NORTH DAKOTA","ND",38,44,36,"US PRESIDENT","DEBERRY, CLIFTON","SOCIALIST WORKERS",FALSE,89,301116,20210113,NA,"OTHER"
1980,"NORTH DAKOTA","ND",38,44,36,"US PRESIDENT","MCREYNOLDS, DAVID","SOCIALIST",FALSE,82,301116,20210113,NA,"OTHER"
1980,"NORTH DAKOTA","ND",38,44,36,"US PRESIDENT","BUBAR, BENJAMIN """"BEN""""","STATESMAN",FALSE,54,301116,20210113,NA,"OTHER"
1980,"OHIO","OH",39,31,24,"US PRESIDENT","REAGAN, RONALD","REPUBLICAN",FALSE,2206545,4283603,20210113,NA,"REPUBLICAN"
1980,"OHIO","OH",39,31,24,"US PRESIDENT","CARTER, JIMMY","DEMOCRAT",FALSE,1752414,4283603,20210113,NA,"DEMOCRAT"
1980,"OHIO","OH",39,31,24,"US PRESIDENT","ANDERSON, JOHN B.","INDEPENDENT",FALSE,254472,4283603,20210113,NA,"OTHER"
1980,"OHIO","OH",39,31,24,"US PRESIDENT","CLARK, EDWARD """"ED""""","LIBERTARIAN",FALSE,49033,4283603,20210113,NA,"LIBERTARIAN"
1980,"OHIO","OH",39,31,24,"US PRESIDENT","COMMONER, BARRY","CITIZENS",FALSE,8564,4283603,20210113,NA,"OTHER"
1980,"OHIO","OH",39,31,24,"US PRESIDENT","HALL, GUS","COMMUNIST PARTY USE",FALSE,4729,4283603,20210113,NA,"OTHER"
1980,"OHIO","OH",39,31,24,"US PRESIDENT","CONGRESS, RICHARD","SOCIALIST WORKERS",FALSE,4029,4283603,20210113,NA,"OTHER"
1980,"OHIO","OH",39,31,24,"US PRESIDENT","GRISWOLD, DEIRDRE","WORKERS WORLD",FALSE,3790,4283603,20210113,NA,"OTHER"
1980,"OHIO","OH",39,31,24,"US PRESIDENT","BUBAR, BENJAMIN """"BEN""""","STATESMAN",FALSE,27,4283603,20210113,NA,"OTHER"
1980,"OKLAHOMA","OK",40,73,53,"US PRESIDENT","REAGAN, RONALD","REPUBLICAN",FALSE,695570,1149708,20210113,NA,"REPUBLICAN"
1980,"OKLAHOMA","OK",40,73,53,"US PRESIDENT","CARTER, JIMMY","DEMOCRAT",FALSE,402026,1149708,20210113,NA,"DEMOCRAT"
1980,"OKLAHOMA","OK",40,73,53,"US PRESIDENT","ANDERSON, JOHN B.","INDEPENDENT",FALSE,38284,1149708,20210113,NA,"OTHER"
1980,"OKLAHOMA","OK",40,73,53,"US PRESIDENT","CLARK, EDWARD """"ED""""","LIBERTARIAN",FALSE,13828,1149708,20210113,NA,"LIBERTARIAN"
1980,"OREGON","OR",41,92,72,"US PRESIDENT","REAGAN, RONALD","REPUBLICAN",FALSE,571044,1181516,20210113,NA,"REPUBLICAN"
1980,"OREGON","OR",41,92,72,"US PRESIDENT","CARTER, JIMMY","DEMOCRAT",FALSE,456890,1181516,20210113,NA,"DEMOCRAT"
1980,"OREGON","OR",41,92,72,"US PRESIDENT","ANDERSON, JOHN B.","INDEPENDENT",FALSE,112389,1181516,20210113,NA,"OTHER"
1980,"OREGON","OR",41,92,72,"US PRESIDENT","CLARK, EDWARD """"ED""""","LIBERTARIAN",FALSE,25838,1181516,20210113,NA,"LIBERTARIAN"
1980,"OREGON","OR",41,92,72,"US PRESIDENT","COMMONER, BARRY","CITIZENS",FALSE,13642,1181516,20210113,NA,"OTHER"
1980,"OREGON","OR",41,92,72,"US PRESIDENT","","",TRUE,1713,1181516,20210113,NA,"OTHER"
1980,"PENNSYLVANIA","PA",42,23,14,"US PRESIDENT","REAGAN, RONALD","REPUBLICAN",FALSE,2261872,4561501,20210113,NA,"REPUBLICAN"
1980,"PENNSYLVANIA","PA",42,23,14,"US PRESIDENT","CARTER, JIMMY","DEMOCRAT",FALSE,1937540,4561501,20210113,NA,"DEMOCRAT"
1980,"PENNSYLVANIA","PA",42,23,14,"US PRESIDENT","ANDERSON, JOHN B.","INDEPENDENT",FALSE,292921,4561501,20210113,NA,"OTHER"
1980,"PENNSYLVANIA","PA",42,23,14,"US PRESIDENT","CLARK, EDWARD """"ED""""","LIBERTARIAN",FALSE,33263,4561501,20210113,NA,"LIBERTARIAN"
1980,"PENNSYLVANIA","PA",42,23,14,"US PRESIDENT","DEBERRY, CLIFTON","SOCIALIST WORKERS",FALSE,20291,4561501,20210113,NA,"OTHER"
1980,"PENNSYLVANIA","PA",42,23,14,"US PRESIDENT","COMMONER, BARRY","CITIZENS",FALSE,10430,4561501,20210113,NA,"OTHER"
1980,"PENNSYLVANIA","PA",42,23,14,"US PRESIDENT","HALL, GUS","COMMUNIST PARTY USE",FALSE,5184,4561501,20210113,NA,"OTHER"
1980,"RHODE ISLAND","RI",44,15,5,"US PRESIDENT","CARTER, JIMMY","DEMOCRAT",FALSE,198342,415967,20210113,NA,"DEMOCRAT"
1980,"RHODE ISLAND","RI",44,15,5,"US PRESIDENT","REAGAN, RONALD","REPUBLICAN",FALSE,154793,415967,20210113,NA,"REPUBLICAN"
1980,"RHODE ISLAND","RI",44,15,5,"US PRESIDENT","ANDERSON, JOHN B.","INDEPENDENT",FALSE,59819,415967,20210113,NA,"OTHER"
1980,"RHODE ISLAND","RI",44,15,5,"US PRESIDENT","CLARK, EDWARD """"ED""""","LIBERTARIAN",FALSE,2458,415967,20210113,NA,"LIBERTARIAN"
1980,"RHODE ISLAND","RI",44,15,5,"US PRESIDENT","HALL, GUS","COMMUNIST PARTY USE",FALSE,218,415967,20210113,NA,"OTHER"
1980,"RHODE ISLAND","RI",44,15,5,"US PRESIDENT","MCREYNOLDS, DAVID","SOCIALIST",FALSE,170,415967,20210113,NA,"OTHER"
1980,"RHODE ISLAND","RI",44,15,5,"US PRESIDENT","DEBERRY, CLIFTON","SOCIALIST WORKERS",FALSE,90,415967,20210113,NA,"OTHER"
1980,"RHODE ISLAND","RI",44,15,5,"US PRESIDENT","GRISWOLD, DEIRDRE","WORKERS WORLD",FALSE,77,415967,20210113,NA,"OTHER"
1980,"SOUTH CAROLINA","SC",45,57,48,"US PRESIDENT","REAGAN, RONALD","REPUBLICAN",FALSE,439277,888258,20210113,NA,"REPUBLICAN"
1980,"SOUTH CAROLINA","SC",45,57,48,"US PRESIDENT","CARTER, JIMMY","DEMOCRAT",FALSE,428220,888258,20210113,NA,"DEMOCRAT"
1980,"SOUTH CAROLINA","SC",45,57,48,"US PRESIDENT","ANDERSON, JOHN B.","INDEPENDENT",FALSE,13868,888258,20210113,NA,"OTHER"
1980,"SOUTH CAROLINA","SC",45,57,48,"US PRESIDENT","CLARK, EDWARD """"ED""""","LIBERTARIAN",FALSE,4807,888258,20210113,NA,"LIBERTARIAN"
1980,"SOUTH CAROLINA","SC",45,57,48,"US PRESIDENT","RARICK, JOHN","AMERICAN INDEPENDENT PARTY",FALSE,2086,888258,20210113,NA,"OTHER"
1980,"SOUTH DAKOTA","SD",46,45,37,"US PRESIDENT","REAGAN, RONALD","REPUBLICAN",FALSE,198343,327703,20210113,NA,"REPUBLICAN"
1980,"SOUTH DAKOTA","SD",46,45,37,"US PRESIDENT","CARTER, JIMMY","DEMOCRAT",FALSE,103855,327703,20210113,NA,"DEMOCRAT"
1980,"SOUTH DAKOTA","SD",46,45,37,"US PRESIDENT","ANDERSON, JOHN B.","INDEPENDENT",FALSE,21431,327703,20210113,NA,"OTHER"
1980,"SOUTH DAKOTA","SD",46,45,37,"US PRESIDENT","CLARK, EDWARD """"ED""""","LIBERTARIAN",FALSE,3824,327703,20210113,NA,"LIBERTARIAN"
1980,"SOUTH DAKOTA","SD",46,45,37,"US PRESIDENT","PULLEY, ANDREW","SOCIALIST WORKERS",FALSE,250,327703,20210113,NA,"OTHER"
1980,"TENNESSEE","TN",47,62,54,"US PRESIDENT","REAGAN, RONALD","REPUBLICAN",FALSE,787761,1617616,20210113,NA,"REPUBLICAN"
1980,"TENNESSEE","TN",47,62,54,"US PRESIDENT","CARTER, JIMMY","DEMOCRAT",FALSE,783051,1617616,20210113,NA,"DEMOCRAT"
1980,"TENNESSEE","TN",47,62,54,"US PRESIDENT","ANDERSON, JOHN B.","INDEPENDENT",FALSE,35991,1617616,20210113,NA,"OTHER"
1980,"TENNESSEE","TN",47,62,54,"US PRESIDENT","CLARK, EDWARD """"ED""""","LIBERTARIAN",FALSE,7116,1617616,20210113,NA,"LIBERTARIAN"
1980,"TENNESSEE","TN",47,62,54,"US PRESIDENT","COMMONER, BARRY","CITIZENS",FALSE,1112,1617616,20210113,NA,"OTHER"
1980,"TENNESSEE","TN",47,62,54,"US PRESIDENT","BUBAR, BENJAMIN """"BEN""""","STATESMAN",FALSE,521,1617616,20210113,NA,"OTHER"
1980,"TENNESSEE","TN",47,62,54,"US PRESIDENT","MCREYNOLDS, DAVID","SOCIALIST",FALSE,519,1617616,20210113,NA,"OTHER"
1980,"TENNESSEE","TN",47,62,54,"US PRESIDENT","HALL, GUS","COMMUNIST PARTY USE",FALSE,503,1617616,20210113,NA,"OTHER"
1980,"TENNESSEE","TN",47,62,54,"US PRESIDENT","DEBERRY, CLIFTON","SOCIALIST WORKERS",FALSE,490,1617616,20210113,NA,"OTHER"
1980,"TENNESSEE","TN",47,62,54,"US PRESIDENT","GRISWOLD, DEIRDRE","WORKERS WORLD",FALSE,400,1617616,20210113,NA,"OTHER"
1980,"TENNESSEE","TN",47,62,54,"US PRESIDENT","","",TRUE,152,1617616,20210113,NA,"OTHER"
1980,"TEXAS","TX",48,74,49,"US PRESIDENT","REAGAN, RONALD","REPUBLICAN",FALSE,2510705,4541636,20210113,NA,"REPUBLICAN"
1980,"TEXAS","TX",48,74,49,"US PRESIDENT","CARTER, JIMMY","DEMOCRAT",FALSE,1881147,4541636,20210113,NA,"DEMOCRAT"
1980,"TEXAS","TX",48,74,49,"US PRESIDENT","ANDERSON, JOHN B.","INDEPENDENT",FALSE,111613,4541636,20210113,NA,"OTHER"
1980,"TEXAS","TX",48,74,49,"US PRESIDENT","CLARK, EDWARD """"ED""""","LIBERTARIAN",FALSE,37643,4541636,20210113,NA,"LIBERTARIAN"
1980,"TEXAS","TX",48,74,49,"US PRESIDENT","","",TRUE,528,4541636,20210113,NA,"OTHER"
1980,"UTAH","UT",49,87,67,"US PRESIDENT","REAGAN, RONALD","REPUBLICAN",FALSE,439687,604152,20210113,NA,"REPUBLICAN"
1980,"UTAH","UT",49,87,67,"US PRESIDENT","CARTER, JIMMY","DEMOCRAT",FALSE,124266,604152,20210113,NA,"DEMOCRAT"
1980,"UTAH","UT",49,87,67,"US PRESIDENT","ANDERSON, JOHN B.","INDEPENDENT",FALSE,30284,604152,20210113,NA,"OTHER"
1980,"UTAH","UT",49,87,67,"US PRESIDENT","CLARK, EDWARD """"ED""""","LIBERTARIAN",FALSE,7156,604152,20210113,NA,"LIBERTARIAN"
1980,"UTAH","UT",49,87,67,"US PRESIDENT","COMMONER, BARRY","CITIZENS",FALSE,1009,604152,20210113,NA,"OTHER"
1980,"UTAH","UT",49,87,67,"US PRESIDENT","GREAVES, PERCY L, JR.","AMERICAN",FALSE,965,604152,20210113,NA,"OTHER"
1980,"UTAH","UT",49,87,67,"US PRESIDENT","RARICK, JOHN","AMERICAN INDEPENDENT PARTY",FALSE,522,604152,20210113,NA,"OTHER"
1980,"UTAH","UT",49,87,67,"US PRESIDENT","HALL, GUS","COMMUNIST PARTY USE",FALSE,139,604152,20210113,NA,"OTHER"
1980,"UTAH","UT",49,87,67,"US PRESIDENT","DEBERRY, CLIFTON","SOCIALIST WORKERS",FALSE,124,604152,20210113,NA,"OTHER"
1980,"VERMONT","VT",50,13,6,"US PRESIDENT","REAGAN, RONALD","REPUBLICAN",FALSE,94628,213299,20210113,NA,"REPUBLICAN"
1980,"VERMONT","VT",50,13,6,"US PRESIDENT","CARTER, JIMMY","DEMOCRAT",FALSE,81952,213299,20210113,NA,"DEMOCRAT"
1980,"VERMONT","VT",50,13,6,"US PRESIDENT","ANDERSON, JOHN B.","INDEPENDENT",FALSE,31761,213299,20210113,NA,"OTHER"
1980,"VERMONT","VT",50,13,6,"US PRESIDENT","COMMONER, BARRY","CITIZENS",FALSE,2316,213299,20210113,NA,"OTHER"
1980,"VERMONT","VT",50,13,6,"US PRESIDENT","CLARK, EDWARD """"ED""""","LIBERTARIAN",FALSE,1900,213299,20210113,NA,"LIBERTARIAN"
1980,"VERMONT","VT",50,13,6,"US PRESIDENT","","",TRUE,413,213299,20210113,NA,"OTHER"
1980,"VERMONT","VT",50,13,6,"US PRESIDENT","MCREYNOLDS, DAVID","SOCIALIST",FALSE,136,213299,20210113,NA,"OTHER"
1980,"VERMONT","VT",50,13,6,"US PRESIDENT","HALL, GUS","COMMUNIST PARTY USE",FALSE,118,213299,20210113,NA,"OTHER"
1980,"VERMONT","VT",50,13,6,"US PRESIDENT","DEBERRY, CLIFTON","SOCIALIST WORKERS",FALSE,75,213299,20210113,NA,"OTHER"
1980,"VIRGINIA","VA",51,54,40,"US PRESIDENT","REAGAN, RONALD","REPUBLICAN",FALSE,989609,1866032,20210113,NA,"REPUBLICAN"
1980,"VIRGINIA","VA",51,54,40,"US PRESIDENT","CARTER, JIMMY","DEMOCRAT",FALSE,752174,1866032,20210113,NA,"DEMOCRAT"
1980,"VIRGINIA","VA",51,54,40,"US PRESIDENT","ANDERSON, JOHN B.","INDEPENDENT",FALSE,95418,1866032,20210113,NA,"OTHER"
1980,"VIRGINIA","VA",51,54,40,"US PRESIDENT","COMMONER, BARRY","CITIZENS",FALSE,14024,1866032,20210113,NA,"OTHER"
1980,"VIRGINIA","VA",51,54,40,"US PRESIDENT","CLARK, EDWARD """"ED""""","LIBERTARIAN",FALSE,12821,1866032,20210113,NA,"LIBERTARIAN"
1980,"VIRGINIA","VA",51,54,40,"US PRESIDENT","DEBERRY, CLIFTON","SOCIALIST WORKERS",FALSE,1986,1866032,20210113,NA,"OTHER"
1980,"WASHINGTON","WA",53,91,73,"US PRESIDENT","REAGAN, RONALD","REPUBLICAN",FALSE,865244,1742394,20210113,NA,"REPUBLICAN"
1980,"WASHINGTON","WA",53,91,73,"US PRESIDENT","CARTER, JIMMY","DEMOCRAT",FALSE,650193,1742394,20210113,NA,"DEMOCRAT"
1980,"WASHINGTON","WA",53,91,73,"US PRESIDENT","ANDERSON, JOHN B.","INDEPENDENT",FALSE,185073,1742394,20210113,NA,"OTHER"
1980,"WASHINGTON","WA",53,91,73,"US PRESIDENT","CLARK, EDWARD """"ED""""","LIBERTARIAN",FALSE,29213,1742394,20210113,NA,"LIBERTARIAN"
1980,"WASHINGTON","WA",53,91,73,"US PRESIDENT","COMMONER, BARRY","CITIZENS",FALSE,9403,1742394,20210113,NA,"OTHER"
1980,"WASHINGTON","WA",53,91,73,"US PRESIDENT","DEBERRY, CLIFTON","SOCIALIST WORKERS",FALSE,1137,1742394,20210113,NA,"OTHER"
1980,"WASHINGTON","WA",53,91,73,"US PRESIDENT","MCREYNOLDS, DAVID","SOCIALIST",FALSE,956,1742394,20210113,NA,"OTHER"
1980,"WASHINGTON","WA",53,91,73,"US PRESIDENT","HALL, GUS","COMMUNIST PARTY USE",FALSE,834,1742394,20210113,NA,"OTHER"
1980,"WASHINGTON","WA",53,91,73,"US PRESIDENT","GRISWOLD, DEIRDRE","WORKERS WORLD",FALSE,341,1742394,20210113,NA,"OTHER"
1980,"WEST VIRGINIA","WV",54,55,56,"US PRESIDENT","CARTER, JIMMY","DEMOCRAT",FALSE,367462,737715,20210113,NA,"DEMOCRAT"
1980,"WEST VIRGINIA","WV",54,55,56,"US PRESIDENT","REAGAN, RONALD","REPUBLICAN",FALSE,334206,737715,20210113,NA,"REPUBLICAN"
1980,"WEST VIRGINIA","WV",54,55,56,"US PRESIDENT","ANDERSON, JOHN B.","INDEPENDENT",FALSE,31691,737715,20210113,NA,"OTHER"
1980,"WEST VIRGINIA","WV",54,55,56,"US PRESIDENT","CLARK, EDWARD """"ED""""","LIBERTARIAN",FALSE,4356,737715,20210113,NA,"LIBERTARIAN"
1980,"WISCONSIN","WI",55,35,25,"US PRESIDENT","REAGAN, RONALD","REPUBLICAN",FALSE,1088845,2273221,20210113,NA,"REPUBLICAN"
1980,"WISCONSIN","WI",55,35,25,"US PRESIDENT","CARTER, JIMMY","DEMOCRAT",FALSE,981584,2273221,20210113,NA,"DEMOCRAT"
1980,"WISCONSIN","WI",55,35,25,"US PRESIDENT","ANDERSON, JOHN B.","INDEPENDENT",FALSE,160657,2273221,20210113,NA,"OTHER"
1980,"WISCONSIN","WI",55,35,25,"US PRESIDENT","CLARK, EDWARD """"ED""""","LIBERTARIAN",FALSE,29135,2273221,20210113,NA,"LIBERTARIAN"
1980,"WISCONSIN","WI",55,35,25,"US PRESIDENT","COMMONER, BARRY","CITIZENS",FALSE,7767,2273221,20210113,NA,"OTHER"
1980,"WISCONSIN","WI",55,35,25,"US PRESIDENT","RARICK, JOHN","AMERICAN INDEPENDENT PARTY",FALSE,1519,2273221,20210113,NA,"OTHER"
1980,"WISCONSIN","WI",55,35,25,"US PRESIDENT","","",TRUE,1337,2273221,20210113,NA,"OTHER"
1980,"WISCONSIN","WI",55,35,25,"US PRESIDENT","MCREYNOLDS, DAVID","SOCIALIST",FALSE,808,2273221,20210113,NA,"OTHER"
1980,"WISCONSIN","WI",55,35,25,"US PRESIDENT","HALL, GUS","COMMUNIST PARTY USE",FALSE,772,2273221,20210113,NA,"OTHER"
1980,"WISCONSIN","WI",55,35,25,"US PRESIDENT","GRISWOLD, DEIRDRE","WORKERS WORLD",FALSE,414,2273221,20210113,NA,"OTHER"
1980,"WISCONSIN","WI",55,35,25,"US PRESIDENT","DEBERRY, CLIFTON","SOCIALIST WORKERS",FALSE,383,2273221,20210113,NA,"OTHER"
1980,"WYOMING","WY",56,83,68,"US PRESIDENT","REAGAN, RONALD","REPUBLICAN",FALSE,110700,176713,20210113,NA,"REPUBLICAN"
1980,"WYOMING","WY",56,83,68,"US PRESIDENT","CARTER, JIMMY","DEMOCRAT",FALSE,49427,176713,20210113,NA,"DEMOCRAT"
1980,"WYOMING","WY",56,83,68,"US PRESIDENT","ANDERSON, JOHN B.","INDEPENDENT",FALSE,12072,176713,20210113,NA,"OTHER"
1980,"WYOMING","WY",56,83,68,"US PRESIDENT","CLARK, EDWARD """"ED""""","LIBERTARIAN",FALSE,4514,176713,20210113,NA,"LIBERTARIAN"
